[0.061s] DEBUG:colcon:Command line arguments: ['/usr/bin/colcon', '--log-base', 'log_fresh', 'build', '--symlink-install', '--packages-up-to', 'wavemaker_controller', 'wavemaker_bringup', '--build-base', 'build_fresh', '--install-base', 'install_fresh', '--base-paths', '/home/hydrolab-linux/ros_ws/src/ros2_wavemakers', '--cmake-args', '-DCMAKE_BUILD_TYPE=RelWithDebInfo']
[0.061s] DEBUG:colcon:Parsed command line arguments: Namespace(log_base='log_fresh', log_level=None, verb_name='build', build_base='/home/hydrolab-linux/ros_ws/src/ros2_wavemakers/build_fresh', install_base='/home/hydrolab-linux/ros_ws/src/ros2_wavemakers/install_fresh', merge_install=False, symlink_install=True, test_result_base=None, continue_on_error=False, executor='parallel', parallel_workers=20, event_handlers=None, ignore_user_meta=False, metas=['./colcon.meta'], base_paths=['/home/hydrolab-linux/ros_ws/src/ros2_wavemakers'], packages_ignore=None, packages_ignore_regex=None, paths=None, packages_up_to=['wavemaker_controller', 'wavemaker_bringup'], packages_up_to_regex=None, packages_above=None, packages_above_and_dependencies=None, packages_above_depth=None, packages_select_by_dep=None, packages_skip_by_dep=None, packages_skip_up_to=None, packages_select_build_failed=False, packages_skip_build_finished=False, packages_select_test_failures=False, packages_skip_test_passed=False, packages_select=None, packages_skip=None, packages_select_regex=None, packages_skip_regex=None, packages_start=None, packages_end=None, allow_overriding=[], cmake_args=['-DCMAKE_BUILD_TYPE=RelWithDebInfo'], cmake_target=None, cmake_target_skip_unavailable=False, cmake_clean_cache=False, cmake_clean_first=False, cmake_force_configure=False, ament_cmake_args=None, catkin_cmake_args=None, catkin_skip_building_tests=False, mixin_files=None, mixin=None, verb_parser=<colcon_mixin.mixin.mixin_argument.MixinArgumentDecorator object at 0x78d2577d55e0>, verb_extension=<colcon_core.verb.build.BuildVerb object at 0x78d2577d5340>, main=<bound method BuildVerb.main of <colcon_core.verb.build.BuildVerb object at 0x78d2577d5340>>, mixin_verb=('build',))
[0.083s] Level 1:colcon.colcon_core.package_discovery:discover_packages(colcon_meta) check parameters
[0.083s] Level 1:colcon.colcon_core.package_discovery:discover_packages(recursive) check parameters
[0.083s] Level 1:colcon.colcon_core.package_discovery:discover_packages(ignore) check parameters
[0.083s] Level 1:colcon.colcon_core.package_discovery:discover_packages(path) check parameters
[0.083s] Level 1:colcon.colcon_core.package_discovery:discover_packages(recursive) discover
[0.083s] INFO:colcon.colcon_core.package_discovery:Crawling recursively for packages in '/home/hydrolab-linux/ros_ws/src/ros2_wavemakers'
[0.083s] Level 1:colcon.colcon_core.package_identification:_identify(/home/hydrolab-linux/ros_ws/src/ros2_wavemakers) by extensions ['ignore', 'ignore_ament_install']
[0.083s] Level 1:colcon.colcon_core.package_identification:_identify(/home/hydrolab-linux/ros_ws/src/ros2_wavemakers) by extension 'ignore'
[0.083s] Level 1:colcon.colcon_core.package_identification:_identify(/home/hydrolab-linux/ros_ws/src/ros2_wavemakers) by extension 'ignore_ament_install'
[0.083s] Level 1:colcon.colcon_core.package_identification:_identify(/home/hydrolab-linux/ros_ws/src/ros2_wavemakers) by extensions ['colcon_pkg']
[0.083s] Level 1:colcon.colcon_core.package_identification:_identify(/home/hydrolab-linux/ros_ws/src/ros2_wavemakers) by extension 'colcon_pkg'
[0.083s] Level 1:colcon.colcon_core.package_identification:_identify(/home/hydrolab-linux/ros_ws/src/ros2_wavemakers) by extensions ['colcon_meta']
[0.083s] Level 1:colcon.colcon_core.package_identification:_identify(/home/hydrolab-linux/ros_ws/src/ros2_wavemakers) by extension 'colcon_meta'
[0.083s] Level 1:colcon.colcon_core.package_identification:_identify(/home/hydrolab-linux/ros_ws/src/ros2_wavemakers) by extensions ['ros']
[0.083s] Level 1:colcon.colcon_core.package_identification:_identify(/home/hydrolab-linux/ros_ws/src/ros2_wavemakers) by extension 'ros'
[0.099s] Level 1:colcon.colcon_core.package_identification:_identify(/home/hydrolab-linux/ros_ws/src/ros2_wavemakers) by extensions ['cmake', 'python']
[0.099s] Level 1:colcon.colcon_core.package_identification:_identify(/home/hydrolab-linux/ros_ws/src/ros2_wavemakers) by extension 'cmake'
[0.099s] Level 1:colcon.colcon_core.package_identification:_identify(/home/hydrolab-linux/ros_ws/src/ros2_wavemakers) by extension 'python'
[0.099s] Level 1:colcon.colcon_core.package_identification:_identify(/home/hydrolab-linux/ros_ws/src/ros2_wavemakers) by extensions ['python_setup_py']
[0.099s] Level 1:colcon.colcon_core.package_identification:_identify(/home/hydrolab-linux/ros_ws/src/ros2_wavemakers) by extension 'python_setup_py'
[0.099s] Level 1:colcon.colcon_core.package_identification:_identify(/home/hydrolab-linux/ros_ws/src/ros2_wavemakers/build) by extensions ['ignore', 'ignore_ament_install']
[0.099s] Level 1:colcon.colcon_core.package_identification:_identify(/home/hydrolab-linux/ros_ws/src/ros2_wavemakers/build) by extension 'ignore'
[0.099s] Level 1:colcon.colcon_core.package_identification:_identify(/home/hydrolab-linux/ros_ws/src/ros2_wavemakers/build) ignored
[0.099s] Level 1:colcon.colcon_core.package_identification:_identify(/home/hydrolab-linux/ros_ws/src/ros2_wavemakers/build_fresh) by extensions ['ignore', 'ignore_ament_install']
[0.099s] Level 1:colcon.colcon_core.package_identification:_identify(/home/hydrolab-linux/ros_ws/src/ros2_wavemakers/build_fresh) by extension 'ignore'
[0.099s] Level 1:colcon.colcon_core.package_identification:_identify(/home/hydrolab-linux/ros_ws/src/ros2_wavemakers/build_fresh) ignored
[0.099s] Level 1:colcon.colcon_core.package_identification:_identify(/home/hydrolab-linux/ros_ws/src/ros2_wavemakers/drivers) by extensions ['ignore', 'ignore_ament_install']
[0.099s] Level 1:colcon.colcon_core.package_identification:_identify(/home/hydrolab-linux/ros_ws/src/ros2_wavemakers/drivers) by extension 'ignore'
[0.099s] Level 1:colcon.colcon_core.package_identification:_identify(/home/hydrolab-linux/ros_ws/src/ros2_wavemakers/drivers) by extension 'ignore_ament_install'
[0.099s] Level 1:colcon.colcon_core.package_identification:_identify(/home/hydrolab-linux/ros_ws/src/ros2_wavemakers/drivers) by extensions ['colcon_pkg']
[0.099s] Level 1:colcon.colcon_core.package_identification:_identify(/home/hydrolab-linux/ros_ws/src/ros2_wavemakers/drivers) by extension 'colcon_pkg'
[0.099s] Level 1:colcon.colcon_core.package_identification:_identify(/home/hydrolab-linux/ros_ws/src/ros2_wavemakers/drivers) by extensions ['colcon_meta']
[0.099s] Level 1:colcon.colcon_core.package_identification:_identify(/home/hydrolab-linux/ros_ws/src/ros2_wavemakers/drivers) by extension 'colcon_meta'
[0.099s] Level 1:colcon.colcon_core.package_identification:_identify(/home/hydrolab-linux/ros_ws/src/ros2_wavemakers/drivers) by extensions ['ros']
[0.099s] Level 1:colcon.colcon_core.package_identification:_identify(/home/hydrolab-linux/ros_ws/src/ros2_wavemakers/drivers) by extension 'ros'
[0.099s] Level 1:colcon.colcon_core.package_identification:_identify(/home/hydrolab-linux/ros_ws/src/ros2_wavemakers/drivers) by extensions ['cmake', 'python']
[0.099s] Level 1:colcon.colcon_core.package_identification:_identify(/home/hydrolab-linux/ros_ws/src/ros2_wavemakers/drivers) by extension 'cmake'
[0.099s] Level 1:colcon.colcon_core.package_identification:_identify(/home/hydrolab-linux/ros_ws/src/ros2_wavemakers/drivers) by extension 'python'
[0.099s] Level 1:colcon.colcon_core.package_identification:_identify(/home/hydrolab-linux/ros_ws/src/ros2_wavemakers/drivers) by extensions ['python_setup_py']
[0.099s] Level 1:colcon.colcon_core.package_identification:_identify(/home/hydrolab-linux/ros_ws/src/ros2_wavemakers/drivers) by extension 'python_setup_py'
[0.099s] Level 1:colcon.colcon_core.package_identification:_identify(/home/hydrolab-linux/ros_ws/src/ros2_wavemakers/drivers/mgate5101_driver) by extensions ['ignore', 'ignore_ament_install']
[0.100s] Level 1:colcon.colcon_core.package_identification:_identify(/home/hydrolab-linux/ros_ws/src/ros2_wavemakers/drivers/mgate5101_driver) by extension 'ignore'
[0.100s] Level 1:colcon.colcon_core.package_identification:_identify(/home/hydrolab-linux/ros_ws/src/ros2_wavemakers/drivers/mgate5101_driver) by extension 'ignore_ament_install'
[0.100s] Level 1:colcon.colcon_core.package_identification:_identify(/home/hydrolab-linux/ros_ws/src/ros2_wavemakers/drivers/mgate5101_driver) by extensions ['colcon_pkg']
[0.100s] Level 1:colcon.colcon_core.package_identification:_identify(/home/hydrolab-linux/ros_ws/src/ros2_wavemakers/drivers/mgate5101_driver) by extension 'colcon_pkg'
[0.100s] Level 1:colcon.colcon_core.package_identification:_identify(/home/hydrolab-linux/ros_ws/src/ros2_wavemakers/drivers/mgate5101_driver) by extensions ['colcon_meta']
[0.100s] Level 1:colcon.colcon_core.package_identification:_identify(/home/hydrolab-linux/ros_ws/src/ros2_wavemakers/drivers/mgate5101_driver) by extension 'colcon_meta'
[0.100s] Level 1:colcon.colcon_core.package_identification:_identify(/home/hydrolab-linux/ros_ws/src/ros2_wavemakers/drivers/mgate5101_driver) by extensions ['ros']
[0.100s] Level 1:colcon.colcon_core.package_identification:_identify(/home/hydrolab-linux/ros_ws/src/ros2_wavemakers/drivers/mgate5101_driver) by extension 'ros'
[0.101s] DEBUG:colcon.colcon_core.package_identification:Package '/home/hydrolab-linux/ros_ws/src/ros2_wavemakers/drivers/mgate5101_driver' with type 'ros.ament_cmake' and name 'mgate5101_driver'
[0.101s] Level 1:colcon.colcon_core.package_identification:_identify(/home/hydrolab-linux/ros_ws/src/ros2_wavemakers/install) by extensions ['ignore', 'ignore_ament_install']
[0.101s] Level 1:colcon.colcon_core.package_identification:_identify(/home/hydrolab-linux/ros_ws/src/ros2_wavemakers/install) by extension 'ignore'
[0.101s] Level 1:colcon.colcon_core.package_identification:_identify(/home/hydrolab-linux/ros_ws/src/ros2_wavemakers/install) ignored
[0.101s] Level 1:colcon.colcon_core.package_identification:_identify(/home/hydrolab-linux/ros_ws/src/ros2_wavemakers/install_fresh) by extensions ['ignore', 'ignore_ament_install']
[0.101s] Level 1:colcon.colcon_core.package_identification:_identify(/home/hydrolab-linux/ros_ws/src/ros2_wavemakers/install_fresh) by extension 'ignore'
[0.101s] Level 1:colcon.colcon_core.package_identification:_identify(/home/hydrolab-linux/ros_ws/src/ros2_wavemakers/install_fresh) ignored
[0.101s] Level 1:colcon.colcon_core.package_identification:_identify(/home/hydrolab-linux/ros_ws/src/ros2_wavemakers/log) by extensions ['ignore', 'ignore_ament_install']
[0.101s] Level 1:colcon.colcon_core.package_identification:_identify(/home/hydrolab-linux/ros_ws/src/ros2_wavemakers/log) by extension 'ignore'
[0.101s] Level 1:colcon.colcon_core.package_identification:_identify(/home/hydrolab-linux/ros_ws/src/ros2_wavemakers/log) ignored
[0.101s] Level 1:colcon.colcon_core.package_identification:_identify(/home/hydrolab-linux/ros_ws/src/ros2_wavemakers/log_fresh) by extensions ['ignore', 'ignore_ament_install']
[0.101s] Level 1:colcon.colcon_core.package_identification:_identify(/home/hydrolab-linux/ros_ws/src/ros2_wavemakers/log_fresh) by extension 'ignore'
[0.101s] Level 1:colcon.colcon_core.package_identification:_identify(/home/hydrolab-linux/ros_ws/src/ros2_wavemakers/log_fresh) ignored
[0.101s] Level 1:colcon.colcon_core.package_identification:_identify(/home/hydrolab-linux/ros_ws/src/ros2_wavemakers/wavemaker_bringup) by extensions ['ignore', 'ignore_ament_install']
[0.101s] Level 1:colcon.colcon_core.package_identification:_identify(/home/hydrolab-linux/ros_ws/src/ros2_wavemakers/wavemaker_bringup) by extension 'ignore'
[0.101s] Level 1:colcon.colcon_core.package_identification:_identify(/home/hydrolab-linux/ros_ws/src/ros2_wavemakers/wavemaker_bringup) by extension 'ignore_ament_install'
[0.101s] Level 1:colcon.colcon_core.package_identification:_identify(/home/hydrolab-linux/ros_ws/src/ros2_wavemakers/wavemaker_bringup) by extensions ['colcon_pkg']
[0.101s] Level 1:colcon.colcon_core.package_identification:_identify(/home/hydrolab-linux/ros_ws/src/ros2_wavemakers/wavemaker_bringup) by extension 'colcon_pkg'
[0.101s] Level 1:colcon.colcon_core.package_identification:_identify(/home/hydrolab-linux/ros_ws/src/ros2_wavemakers/wavemaker_bringup) by extensions ['colcon_meta']
[0.102s] Level 1:colcon.colcon_core.package_identification:_identify(/home/hydrolab-linux/ros_ws/src/ros2_wavemakers/wavemaker_bringup) by extension 'colcon_meta'
[0.102s] Level 1:colcon.colcon_core.package_identification:_identify(/home/hydrolab-linux/ros_ws/src/ros2_wavemakers/wavemaker_bringup) by extensions ['ros']
[0.102s] Level 1:colcon.colcon_core.package_identification:_identify(/home/hydrolab-linux/ros_ws/src/ros2_wavemakers/wavemaker_bringup) by extension 'ros'
[0.102s] DEBUG:colcon.colcon_core.package_identification:Package '/home/hydrolab-linux/ros_ws/src/ros2_wavemakers/wavemaker_bringup' with type 'ros.ament_cmake' and name 'wavemaker_bringup'
[0.102s] Level 1:colcon.colcon_core.package_identification:_identify(/home/hydrolab-linux/ros_ws/src/ros2_wavemakers/wavemaker_controller) by extensions ['ignore', 'ignore_ament_install']
[0.102s] Level 1:colcon.colcon_core.package_identification:_identify(/home/hydrolab-linux/ros_ws/src/ros2_wavemakers/wavemaker_controller) by extension 'ignore'
[0.102s] Level 1:colcon.colcon_core.package_identification:_identify(/home/hydrolab-linux/ros_ws/src/ros2_wavemakers/wavemaker_controller) by extension 'ignore_ament_install'
[0.102s] Level 1:colcon.colcon_core.package_identification:_identify(/home/hydrolab-linux/ros_ws/src/ros2_wavemakers/wavemaker_controller) by extensions ['colcon_pkg']
[0.102s] Level 1:colcon.colcon_core.package_identification:_identify(/home/hydrolab-linux/ros_ws/src/ros2_wavemakers/wavemaker_controller) by extension 'colcon_pkg'
[0.102s] Level 1:colcon.colcon_core.package_identification:_identify(/home/hydrolab-linux/ros_ws/src/ros2_wavemakers/wavemaker_controller) by extensions ['colcon_meta']
[0.102s] Level 1:colcon.colcon_core.package_identification:_identify(/home/hydrolab-linux/ros_ws/src/ros2_wavemakers/wavemaker_controller) by extension 'colcon_meta'
[0.102s] Level 1:colcon.colcon_core.package_identification:_identify(/home/hydrolab-linux/ros_ws/src/ros2_wavemakers/wavemaker_controller) by extensions ['ros']
[0.102s] Level 1:colcon.colcon_core.package_identification:_identify(/home/hydrolab-linux/ros_ws/src/ros2_wavemakers/wavemaker_controller) by extension 'ros'
[0.103s] DEBUG:colcon.colcon_core.package_identification:Package '/home/hydrolab-linux/ros_ws/src/ros2_wavemakers/wavemaker_controller' with type 'ros.ament_cmake' and name 'wavemaker_controller'
[0.103s] Level 1:colcon.colcon_core.package_identification:_identify(/home/hydrolab-linux/ros_ws/src/ros2_wavemakers/wavemaker_interfaces) by extensions ['ignore', 'ignore_ament_install']
[0.103s] Level 1:colcon.colcon_core.package_identification:_identify(/home/hydrolab-linux/ros_ws/src/ros2_wavemakers/wavemaker_interfaces) by extension 'ignore'
[0.103s] Level 1:colcon.colcon_core.package_identification:_identify(/home/hydrolab-linux/ros_ws/src/ros2_wavemakers/wavemaker_interfaces) by extension 'ignore_ament_install'
[0.103s] Level 1:colcon.colcon_core.package_identification:_identify(/home/hydrolab-linux/ros_ws/src/ros2_wavemakers/wavemaker_interfaces) by extensions ['colcon_pkg']
[0.103s] Level 1:colcon.colcon_core.package_identification:_identify(/home/hydrolab-linux/ros_ws/src/ros2_wavemakers/wavemaker_interfaces) by extension 'colcon_pkg'
[0.103s] Level 1:colcon.colcon_core.package_identification:_identify(/home/hydrolab-linux/ros_ws/src/ros2_wavemakers/wavemaker_interfaces) by extensions ['colcon_meta']
[0.103s] Level 1:colcon.colcon_core.package_identification:_identify(/home/hydrolab-linux/ros_ws/src/ros2_wavemakers/wavemaker_interfaces) by extension 'colcon_meta'
[0.103s] Level 1:colcon.colcon_core.package_identification:_identify(/home/hydrolab-linux/ros_ws/src/ros2_wavemakers/wavemaker_interfaces) by extensions ['ros']
[0.103s] Level 1:colcon.colcon_core.package_identification:_identify(/home/hydrolab-linux/ros_ws/src/ros2_wavemakers/wavemaker_interfaces) by extension 'ros'
[0.103s] DEBUG:colcon.colcon_core.package_identification:Package '/home/hydrolab-linux/ros_ws/src/ros2_wavemakers/wavemaker_interfaces' with type 'ros.ament_cmake' and name 'wavemaker_interfaces'
[0.103s] Level 1:colcon.colcon_core.package_discovery:discover_packages(recursive) using defaults
[0.114s] Level 1:colcon.colcon_core.package_discovery:discover_packages(prefix_path) check parameters
[0.114s] Level 1:colcon.colcon_core.package_discovery:discover_packages(prefix_path) discover
[0.116s] DEBUG:colcon.colcon_installed_package_information.package_discovery:Found 46 installed packages in /home/hydrolab-linux/ros_ws/install
[0.117s] DEBUG:colcon.colcon_installed_package_information.package_discovery:Found 499 installed packages in /opt/ros/jazzy
[0.118s] Level 1:colcon.colcon_core.package_discovery:discover_packages(prefix_path) using defaults
[0.157s] Level 5:colcon.colcon_core.verb:set package 'mgate5101_driver' build argument 'cmake_args' from command line to '['-DCMAKE_BUILD_TYPE=RelWithDebInfo']'
[0.157s] Level 5:colcon.colcon_core.verb:set package 'mgate5101_driver' build argument 'cmake_target' from command line to 'None'
[0.157s] Level 5:colcon.colcon_core.verb:set package 'mgate5101_driver' build argument 'cmake_target_skip_unavailable' from command line to 'False'
[0.157s] Level 5:colcon.colcon_core.verb:set package 'mgate5101_driver' build argument 'cmake_clean_cache' from command line to 'False'
[0.157s] Level 5:colcon.colcon_core.verb:set package 'mgate5101_driver' build argument 'cmake_clean_first' from command line to 'False'
[0.157s] Level 5:colcon.colcon_core.verb:set package 'mgate5101_driver' build argument 'cmake_force_configure' from command line to 'False'
[0.157s] Level 5:colcon.colcon_core.verb:set package 'mgate5101_driver' build argument 'ament_cmake_args' from command line to 'None'
[0.157s] Level 5:colcon.colcon_core.verb:set package 'mgate5101_driver' build argument 'catkin_cmake_args' from command line to 'None'
[0.157s] Level 5:colcon.colcon_core.verb:set package 'mgate5101_driver' build argument 'catkin_skip_building_tests' from command line to 'False'
[0.157s] DEBUG:colcon.colcon_core.verb:Building package 'mgate5101_driver' with the following arguments: {'ament_cmake_args': None, 'build_base': '/home/hydrolab-linux/ros_ws/src/ros2_wavemakers/build_fresh/mgate5101_driver', 'catkin_cmake_args': None, 'catkin_skip_building_tests': False, 'cmake_args': ['-DCMAKE_BUILD_TYPE=RelWithDebInfo'], 'cmake_clean_cache': False, 'cmake_clean_first': False, 'cmake_force_configure': False, 'cmake_target': None, 'cmake_target_skip_unavailable': False, 'install_base': '/home/hydrolab-linux/ros_ws/src/ros2_wavemakers/install_fresh/mgate5101_driver', 'merge_install': False, 'path': '/home/hydrolab-linux/ros_ws/src/ros2_wavemakers/drivers/mgate5101_driver', 'symlink_install': True, 'test_result_base': None}
[0.157s] Level 5:colcon.colcon_core.verb:set package 'wavemaker_interfaces' build argument 'cmake_args' from command line to '['-DCMAKE_BUILD_TYPE=RelWithDebInfo']'
[0.157s] Level 5:colcon.colcon_core.verb:set package 'wavemaker_interfaces' build argument 'cmake_target' from command line to 'None'
[0.157s] Level 5:colcon.colcon_core.verb:set package 'wavemaker_interfaces' build argument 'cmake_target_skip_unavailable' from command line to 'False'
[0.157s] Level 5:colcon.colcon_core.verb:set package 'wavemaker_interfaces' build argument 'cmake_clean_cache' from command line to 'False'
[0.157s] Level 5:colcon.colcon_core.verb:set package 'wavemaker_interfaces' build argument 'cmake_clean_first' from command line to 'False'
[0.157s] Level 5:colcon.colcon_core.verb:set package 'wavemaker_interfaces' build argument 'cmake_force_configure' from command line to 'False'
[0.157s] Level 5:colcon.colcon_core.verb:set package 'wavemaker_interfaces' build argument 'ament_cmake_args' from command line to 'None'
[0.157s] Level 5:colcon.colcon_core.verb:set package 'wavemaker_interfaces' build argument 'catkin_cmake_args' from command line to 'None'
[0.157s] Level 5:colcon.colcon_core.verb:set package 'wavemaker_interfaces' build argument 'catkin_skip_building_tests' from command line to 'False'
[0.157s] DEBUG:colcon.colcon_core.verb:Building package 'wavemaker_interfaces' with the following arguments: {'ament_cmake_args': None, 'build_base': '/home/hydrolab-linux/ros_ws/src/ros2_wavemakers/build_fresh/wavemaker_interfaces', 'catkin_cmake_args': None, 'catkin_skip_building_tests': False, 'cmake_args': ['-DCMAKE_BUILD_TYPE=RelWithDebInfo'], 'cmake_clean_cache': False, 'cmake_clean_first': False, 'cmake_force_configure': False, 'cmake_target': None, 'cmake_target_skip_unavailable': False, 'install_base': '/home/hydrolab-linux/ros_ws/src/ros2_wavemakers/install_fresh/wavemaker_interfaces', 'merge_install': False, 'path': '/home/hydrolab-linux/ros_ws/src/ros2_wavemakers/wavemaker_interfaces', 'symlink_install': True, 'test_result_base': None}
[0.157s] Level 5:colcon.colcon_core.verb:set package 'wavemaker_controller' build argument 'cmake_args' from command line to '['-DCMAKE_BUILD_TYPE=RelWithDebInfo']'
[0.157s] Level 5:colcon.colcon_core.verb:set package 'wavemaker_controller' build argument 'cmake_target' from command line to 'None'
[0.157s] Level 5:colcon.colcon_core.verb:set package 'wavemaker_controller' build argument 'cmake_target_skip_unavailable' from command line to 'False'
[0.157s] Level 5:colcon.colcon_core.verb:set package 'wavemaker_controller' build argument 'cmake_clean_cache' from command line to 'False'
[0.157s] Level 5:colcon.colcon_core.verb:set package 'wavemaker_controller' build argument 'cmake_clean_first' from command line to 'False'
[0.157s] Level 5:colcon.colcon_core.verb:set package 'wavemaker_controller' build argument 'cmake_force_configure' from command line to 'False'
[0.157s] Level 5:colcon.colcon_core.verb:set package 'wavemaker_controller' build argument 'ament_cmake_args' from command line to 'None'
[0.157s] Level 5:colcon.colcon_core.verb:set package 'wavemaker_controller' build argument 'catkin_cmake_args' from command line to 'None'
[0.157s] Level 5:colcon.colcon_core.verb:set package 'wavemaker_controller' build argument 'catkin_skip_building_tests' from command line to 'False'
[0.157s] DEBUG:colcon.colcon_core.verb:Building package 'wavemaker_controller' with the following arguments: {'ament_cmake_args': None, 'build_base': '/home/hydrolab-linux/ros_ws/src/ros2_wavemakers/build_fresh/wavemaker_controller', 'catkin_cmake_args': None, 'catkin_skip_building_tests': False, 'cmake_args': ['-DCMAKE_BUILD_TYPE=RelWithDebInfo'], 'cmake_clean_cache': False, 'cmake_clean_first': False, 'cmake_force_configure': False, 'cmake_target': None, 'cmake_target_skip_unavailable': False, 'install_base': '/home/hydrolab-linux/ros_ws/src/ros2_wavemakers/install_fresh/wavemaker_controller', 'merge_install': False, 'path': '/home/hydrolab-linux/ros_ws/src/ros2_wavemakers/wavemaker_controller', 'symlink_install': True, 'test_result_base': None}
[0.157s] Level 5:colcon.colcon_core.verb:set package 'wavemaker_bringup' build argument 'cmake_args' from command line to '['-DCMAKE_BUILD_TYPE=RelWithDebInfo']'
[0.158s] Level 5:colcon.colcon_core.verb:set package 'wavemaker_bringup' build argument 'cmake_target' from command line to 'None'
[0.158s] Level 5:colcon.colcon_core.verb:set package 'wavemaker_bringup' build argument 'cmake_target_skip_unavailable' from command line to 'False'
[0.158s] Level 5:colcon.colcon_core.verb:set package 'wavemaker_bringup' build argument 'cmake_clean_cache' from command line to 'False'
[0.158s] Level 5:colcon.colcon_core.verb:set package 'wavemaker_bringup' build argument 'cmake_clean_first' from command line to 'False'
[0.158s] Level 5:colcon.colcon_core.verb:set package 'wavemaker_bringup' build argument 'cmake_force_configure' from command line to 'False'
[0.158s] Level 5:colcon.colcon_core.verb:set package 'wavemaker_bringup' build argument 'ament_cmake_args' from command line to 'None'
[0.158s] Level 5:colcon.colcon_core.verb:set package 'wavemaker_bringup' build argument 'catkin_cmake_args' from command line to 'None'
[0.158s] Level 5:colcon.colcon_core.verb:set package 'wavemaker_bringup' build argument 'catkin_skip_building_tests' from command line to 'False'
[0.158s] DEBUG:colcon.colcon_core.verb:Building package 'wavemaker_bringup' with the following arguments: {'ament_cmake_args': None, 'build_base': '/home/hydrolab-linux/ros_ws/src/ros2_wavemakers/build_fresh/wavemaker_bringup', 'catkin_cmake_args': None, 'catkin_skip_building_tests': False, 'cmake_args': ['-DCMAKE_BUILD_TYPE=RelWithDebInfo'], 'cmake_clean_cache': False, 'cmake_clean_first': False, 'cmake_force_configure': False, 'cmake_target': None, 'cmake_target_skip_unavailable': False, 'install_base': '/home/hydrolab-linux/ros_ws/src/ros2_wavemakers/install_fresh/wavemaker_bringup', 'merge_install': False, 'path': '/home/hydrolab-linux/ros_ws/src/ros2_wavemakers/wavemaker_bringup', 'symlink_install': True, 'test_result_base': None}
[0.158s] INFO:colcon.colcon_core.executor:Executing jobs using 'parallel' executor
[0.158s] DEBUG:colcon.colcon_parallel_executor.executor.parallel:run_until_complete
[0.158s] INFO:colcon.colcon_ros.task.ament_cmake.build:Building ROS package in '/home/hydrolab-linux/ros_ws/src/ros2_wavemakers/drivers/mgate5101_driver' with build type 'ament_cmake'
[0.159s] INFO:colcon.colcon_cmake.task.cmake.build:Building CMake package in '/home/hydrolab-linux/ros_ws/src/ros2_wavemakers/drivers/mgate5101_driver'
[0.160s] INFO:colcon.colcon_core.plugin_system:Skipping extension 'colcon_core.shell.bat': Not used on non-Windows systems
[0.160s] INFO:colcon.colcon_core.shell:Skip shell extension 'powershell' for command environment: Not usable outside of PowerShell
[0.160s] DEBUG:colcon.colcon_core.shell:Skip shell extension 'dsv' for command environment
[0.163s] INFO:colcon.colcon_ros.task.ament_cmake.build:Building ROS package in '/home/hydrolab-linux/ros_ws/src/ros2_wavemakers/wavemaker_interfaces' with build type 'ament_cmake'
[0.164s] INFO:colcon.colcon_cmake.task.cmake.build:Building CMake package in '/home/hydrolab-linux/ros_ws/src/ros2_wavemakers/wavemaker_interfaces'
[0.164s] INFO:colcon.colcon_core.shell:Skip shell extension 'powershell' for command environment: Not usable outside of PowerShell
[0.164s] DEBUG:colcon.colcon_core.shell:Skip shell extension 'dsv' for command environment
[0.169s] DEBUG:colcon.colcon_core.event_handler.log_command:Invoking command in '/home/hydrolab-linux/ros_ws/src/ros2_wavemakers/build_fresh/mgate5101_driver': CMAKE_PREFIX_PATH=${CMAKE_PREFIX_PATH}:/home/hydrolab-linux/ros_ws/install/turtlesim_gotta_catch_em_all:/home/hydrolab-linux/ros_ws/install/rpi_tests:/home/hydrolab-linux/ros_ws/install/rpi_linmot:/home/hydrolab-linux/ros_ws/install/rpi_arduino:/home/hydrolab-linux/ros_ws/install/my_py_pkg:/home/hydrolab-linux/ros_ws/install/move_robot:/home/hydrolab-linux/ros_ws/install/actions_py:/home/hydrolab-linux/ros_ws/install/lifecycle_py:/home/hydrolab-linux/ros_ws/install/joy_teleop_bridge:/home/hydrolab-linux/ros_ws/install/executors_py:/home/hydrolab-linux/ros_ws/install/components_py:/home/hydrolab-linux/ros_ws/install/bno055:/opt/ros/jazzy DEBUGINFOD_URLS=https://debuginfod.ubuntu.com /usr/bin/cmake /home/hydrolab-linux/ros_ws/src/ros2_wavemakers/drivers/mgate5101_driver -DCMAKE_BUILD_TYPE=RelWithDebInfo -DAMENT_CMAKE_SYMLINK_INSTALL=1 -DCMAKE_INSTALL_PREFIX=/home/hydrolab-linux/ros_ws/src/ros2_wavemakers/install_fresh/mgate5101_driver
[0.171s] DEBUG:colcon.colcon_core.event_handler.log_command:Invoking command in '/home/hydrolab-linux/ros_ws/src/ros2_wavemakers/build_fresh/wavemaker_interfaces': CMAKE_PREFIX_PATH=${CMAKE_PREFIX_PATH}:/home/hydrolab-linux/ros_ws/install/turtlesim_gotta_catch_em_all:/home/hydrolab-linux/ros_ws/install/rpi_tests:/home/hydrolab-linux/ros_ws/install/rpi_linmot:/home/hydrolab-linux/ros_ws/install/rpi_arduino:/home/hydrolab-linux/ros_ws/install/my_py_pkg:/home/hydrolab-linux/ros_ws/install/move_robot:/home/hydrolab-linux/ros_ws/install/actions_py:/home/hydrolab-linux/ros_ws/install/lifecycle_py:/home/hydrolab-linux/ros_ws/install/joy_teleop_bridge:/home/hydrolab-linux/ros_ws/install/executors_py:/home/hydrolab-linux/ros_ws/install/components_py:/home/hydrolab-linux/ros_ws/install/bno055:/opt/ros/jazzy DEBUGINFOD_URLS=https://debuginfod.ubuntu.com /usr/bin/cmake /home/hydrolab-linux/ros_ws/src/ros2_wavemakers/wavemaker_interfaces -DCMAKE_BUILD_TYPE=RelWithDebInfo -DAMENT_CMAKE_SYMLINK_INSTALL=1 -DCMAKE_INSTALL_PREFIX=/home/hydrolab-linux/ros_ws/src/ros2_wavemakers/install_fresh/wavemaker_interfaces
[0.684s] DEBUG:colcon.colcon_core.event_handler.log_command:Invoked command in '/home/hydrolab-linux/ros_ws/src/ros2_wavemakers/build_fresh/mgate5101_driver' returned '0': CMAKE_PREFIX_PATH=${CMAKE_PREFIX_PATH}:/home/hydrolab-linux/ros_ws/install/turtlesim_gotta_catch_em_all:/home/hydrolab-linux/ros_ws/install/rpi_tests:/home/hydrolab-linux/ros_ws/install/rpi_linmot:/home/hydrolab-linux/ros_ws/install/rpi_arduino:/home/hydrolab-linux/ros_ws/install/my_py_pkg:/home/hydrolab-linux/ros_ws/install/move_robot:/home/hydrolab-linux/ros_ws/install/actions_py:/home/hydrolab-linux/ros_ws/install/lifecycle_py:/home/hydrolab-linux/ros_ws/install/joy_teleop_bridge:/home/hydrolab-linux/ros_ws/install/executors_py:/home/hydrolab-linux/ros_ws/install/components_py:/home/hydrolab-linux/ros_ws/install/bno055:/opt/ros/jazzy DEBUGINFOD_URLS=https://debuginfod.ubuntu.com /usr/bin/cmake /home/hydrolab-linux/ros_ws/src/ros2_wavemakers/drivers/mgate5101_driver -DCMAKE_BUILD_TYPE=RelWithDebInfo -DAMENT_CMAKE_SYMLINK_INSTALL=1 -DCMAKE_INSTALL_PREFIX=/home/hydrolab-linux/ros_ws/src/ros2_wavemakers/install_fresh/mgate5101_driver
[0.685s] DEBUG:colcon.colcon_core.event_handler.log_command:Invoking command in '/home/hydrolab-linux/ros_ws/src/ros2_wavemakers/build_fresh/mgate5101_driver': CMAKE_PREFIX_PATH=${CMAKE_PREFIX_PATH}:/home/hydrolab-linux/ros_ws/install/turtlesim_gotta_catch_em_all:/home/hydrolab-linux/ros_ws/install/rpi_tests:/home/hydrolab-linux/ros_ws/install/rpi_linmot:/home/hydrolab-linux/ros_ws/install/rpi_arduino:/home/hydrolab-linux/ros_ws/install/my_py_pkg:/home/hydrolab-linux/ros_ws/install/move_robot:/home/hydrolab-linux/ros_ws/install/actions_py:/home/hydrolab-linux/ros_ws/install/lifecycle_py:/home/hydrolab-linux/ros_ws/install/joy_teleop_bridge:/home/hydrolab-linux/ros_ws/install/executors_py:/home/hydrolab-linux/ros_ws/install/components_py:/home/hydrolab-linux/ros_ws/install/bno055:/opt/ros/jazzy DEBUGINFOD_URLS=https://debuginfod.ubuntu.com /usr/bin/cmake --build /home/hydrolab-linux/ros_ws/src/ros2_wavemakers/build_fresh/mgate5101_driver -- -j20 -l20
[2.435s] DEBUG:colcon.colcon_core.event_handler.log_command:Invoked command in '/home/hydrolab-linux/ros_ws/src/ros2_wavemakers/build_fresh/mgate5101_driver' returned '0': CMAKE_PREFIX_PATH=${CMAKE_PREFIX_PATH}:/home/hydrolab-linux/ros_ws/install/turtlesim_gotta_catch_em_all:/home/hydrolab-linux/ros_ws/install/rpi_tests:/home/hydrolab-linux/ros_ws/install/rpi_linmot:/home/hydrolab-linux/ros_ws/install/rpi_arduino:/home/hydrolab-linux/ros_ws/install/my_py_pkg:/home/hydrolab-linux/ros_ws/install/move_robot:/home/hydrolab-linux/ros_ws/install/actions_py:/home/hydrolab-linux/ros_ws/install/lifecycle_py:/home/hydrolab-linux/ros_ws/install/joy_teleop_bridge:/home/hydrolab-linux/ros_ws/install/executors_py:/home/hydrolab-linux/ros_ws/install/components_py:/home/hydrolab-linux/ros_ws/install/bno055:/opt/ros/jazzy DEBUGINFOD_URLS=https://debuginfod.ubuntu.com /usr/bin/cmake --build /home/hydrolab-linux/ros_ws/src/ros2_wavemakers/build_fresh/mgate5101_driver -- -j20 -l20
[2.444s] DEBUG:colcon.colcon_core.event_handler.log_command:Invoking command in '/home/hydrolab-linux/ros_ws/src/ros2_wavemakers/build_fresh/mgate5101_driver': CMAKE_PREFIX_PATH=${CMAKE_PREFIX_PATH}:/home/hydrolab-linux/ros_ws/install/turtlesim_gotta_catch_em_all:/home/hydrolab-linux/ros_ws/install/rpi_tests:/home/hydrolab-linux/ros_ws/install/rpi_linmot:/home/hydrolab-linux/ros_ws/install/rpi_arduino:/home/hydrolab-linux/ros_ws/install/my_py_pkg:/home/hydrolab-linux/ros_ws/install/move_robot:/home/hydrolab-linux/ros_ws/install/actions_py:/home/hydrolab-linux/ros_ws/install/lifecycle_py:/home/hydrolab-linux/ros_ws/install/joy_teleop_bridge:/home/hydrolab-linux/ros_ws/install/executors_py:/home/hydrolab-linux/ros_ws/install/components_py:/home/hydrolab-linux/ros_ws/install/bno055:/opt/ros/jazzy DEBUGINFOD_URLS=https://debuginfod.ubuntu.com /usr/bin/cmake --install /home/hydrolab-linux/ros_ws/src/ros2_wavemakers/build_fresh/mgate5101_driver
[2.731s] Level 1:colcon.colcon_core.environment:create_environment_scripts_only(mgate5101_driver)
[2.731s] DEBUG:colcon.colcon_core.event_handler.log_command:Invoked command in '/home/hydrolab-linux/ros_ws/src/ros2_wavemakers/build_fresh/mgate5101_driver' returned '0': CMAKE_PREFIX_PATH=${CMAKE_PREFIX_PATH}:/home/hydrolab-linux/ros_ws/install/turtlesim_gotta_catch_em_all:/home/hydrolab-linux/ros_ws/install/rpi_tests:/home/hydrolab-linux/ros_ws/install/rpi_linmot:/home/hydrolab-linux/ros_ws/install/rpi_arduino:/home/hydrolab-linux/ros_ws/install/my_py_pkg:/home/hydrolab-linux/ros_ws/install/move_robot:/home/hydrolab-linux/ros_ws/install/actions_py:/home/hydrolab-linux/ros_ws/install/lifecycle_py:/home/hydrolab-linux/ros_ws/install/joy_teleop_bridge:/home/hydrolab-linux/ros_ws/install/executors_py:/home/hydrolab-linux/ros_ws/install/components_py:/home/hydrolab-linux/ros_ws/install/bno055:/opt/ros/jazzy DEBUGINFOD_URLS=https://debuginfod.ubuntu.com /usr/bin/cmake --install /home/hydrolab-linux/ros_ws/src/ros2_wavemakers/build_fresh/mgate5101_driver
[2.733s] Level 1:colcon.colcon_core.environment:checking '/home/hydrolab-linux/ros_ws/src/ros2_wavemakers/install_fresh/mgate5101_driver' for CMake module files
[2.733s] Level 1:colcon.colcon_core.environment:checking '/home/hydrolab-linux/ros_ws/src/ros2_wavemakers/install_fresh/mgate5101_driver' for CMake config files
[2.734s] Level 1:colcon.colcon_core.shell:create_environment_hook('mgate5101_driver', 'cmake_prefix_path')
[2.734s] INFO:colcon.colcon_core.shell:Creating environment hook '/home/hydrolab-linux/ros_ws/src/ros2_wavemakers/install_fresh/mgate5101_driver/share/mgate5101_driver/hook/cmake_prefix_path.ps1'
[2.734s] INFO:colcon.colcon_core.shell:Creating environment descriptor '/home/hydrolab-linux/ros_ws/src/ros2_wavemakers/install_fresh/mgate5101_driver/share/mgate5101_driver/hook/cmake_prefix_path.dsv'
[2.734s] INFO:colcon.colcon_core.shell:Creating environment hook '/home/hydrolab-linux/ros_ws/src/ros2_wavemakers/install_fresh/mgate5101_driver/share/mgate5101_driver/hook/cmake_prefix_path.sh'
[2.735s] Level 1:colcon.colcon_core.environment:checking '/home/hydrolab-linux/ros_ws/src/ros2_wavemakers/install_fresh/mgate5101_driver/lib'
[2.735s] Level 1:colcon.colcon_core.environment:checking '/home/hydrolab-linux/ros_ws/src/ros2_wavemakers/install_fresh/mgate5101_driver/bin'
[2.735s] Level 1:colcon.colcon_core.environment:checking '/home/hydrolab-linux/ros_ws/src/ros2_wavemakers/install_fresh/mgate5101_driver/lib/pkgconfig/mgate5101_driver.pc'
[2.735s] Level 1:colcon.colcon_core.environment:checking '/home/hydrolab-linux/ros_ws/src/ros2_wavemakers/install_fresh/mgate5101_driver/lib/python3.12/site-packages'
[2.735s] Level 1:colcon.colcon_core.environment:checking '/home/hydrolab-linux/ros_ws/src/ros2_wavemakers/install_fresh/mgate5101_driver/bin'
[2.736s] INFO:colcon.colcon_core.shell:Creating package script '/home/hydrolab-linux/ros_ws/src/ros2_wavemakers/install_fresh/mgate5101_driver/share/mgate5101_driver/package.ps1'
[2.736s] INFO:colcon.colcon_core.shell:Creating package descriptor '/home/hydrolab-linux/ros_ws/src/ros2_wavemakers/install_fresh/mgate5101_driver/share/mgate5101_driver/package.dsv'
[2.736s] INFO:colcon.colcon_core.shell:Creating package script '/home/hydrolab-linux/ros_ws/src/ros2_wavemakers/install_fresh/mgate5101_driver/share/mgate5101_driver/package.sh'
[2.737s] INFO:colcon.colcon_core.shell:Creating package script '/home/hydrolab-linux/ros_ws/src/ros2_wavemakers/install_fresh/mgate5101_driver/share/mgate5101_driver/package.bash'
[2.737s] INFO:colcon.colcon_core.shell:Creating package script '/home/hydrolab-linux/ros_ws/src/ros2_wavemakers/install_fresh/mgate5101_driver/share/mgate5101_driver/package.zsh'
[2.737s] Level 1:colcon.colcon_core.environment:create_file_with_runtime_dependencies(/home/hydrolab-linux/ros_ws/src/ros2_wavemakers/install_fresh/mgate5101_driver/share/colcon-core/packages/mgate5101_driver)
[2.738s] Level 1:colcon.colcon_core.environment:create_environment_scripts_only(mgate5101_driver)
[2.738s] Level 1:colcon.colcon_core.environment:checking '/home/hydrolab-linux/ros_ws/src/ros2_wavemakers/install_fresh/mgate5101_driver' for CMake module files
[2.738s] Level 1:colcon.colcon_core.environment:checking '/home/hydrolab-linux/ros_ws/src/ros2_wavemakers/install_fresh/mgate5101_driver' for CMake config files
[2.738s] Level 1:colcon.colcon_core.shell:create_environment_hook('mgate5101_driver', 'cmake_prefix_path')
[2.738s] INFO:colcon.colcon_core.shell:Creating environment hook '/home/hydrolab-linux/ros_ws/src/ros2_wavemakers/install_fresh/mgate5101_driver/share/mgate5101_driver/hook/cmake_prefix_path.ps1'
[2.739s] INFO:colcon.colcon_core.shell:Creating environment descriptor '/home/hydrolab-linux/ros_ws/src/ros2_wavemakers/install_fresh/mgate5101_driver/share/mgate5101_driver/hook/cmake_prefix_path.dsv'
[2.739s] INFO:colcon.colcon_core.shell:Creating environment hook '/home/hydrolab-linux/ros_ws/src/ros2_wavemakers/install_fresh/mgate5101_driver/share/mgate5101_driver/hook/cmake_prefix_path.sh'
[2.739s] Level 1:colcon.colcon_core.environment:checking '/home/hydrolab-linux/ros_ws/src/ros2_wavemakers/install_fresh/mgate5101_driver/lib'
[2.739s] Level 1:colcon.colcon_core.environment:checking '/home/hydrolab-linux/ros_ws/src/ros2_wavemakers/install_fresh/mgate5101_driver/bin'
[2.739s] Level 1:colcon.colcon_core.environment:checking '/home/hydrolab-linux/ros_ws/src/ros2_wavemakers/install_fresh/mgate5101_driver/lib/pkgconfig/mgate5101_driver.pc'
[2.739s] Level 1:colcon.colcon_core.environment:checking '/home/hydrolab-linux/ros_ws/src/ros2_wavemakers/install_fresh/mgate5101_driver/lib/python3.12/site-packages'
[2.740s] Level 1:colcon.colcon_core.environment:checking '/home/hydrolab-linux/ros_ws/src/ros2_wavemakers/install_fresh/mgate5101_driver/bin'
[2.740s] INFO:colcon.colcon_core.shell:Creating package script '/home/hydrolab-linux/ros_ws/src/ros2_wavemakers/install_fresh/mgate5101_driver/share/mgate5101_driver/package.ps1'
[2.740s] INFO:colcon.colcon_core.shell:Creating package descriptor '/home/hydrolab-linux/ros_ws/src/ros2_wavemakers/install_fresh/mgate5101_driver/share/mgate5101_driver/package.dsv'
[2.741s] INFO:colcon.colcon_core.shell:Creating package script '/home/hydrolab-linux/ros_ws/src/ros2_wavemakers/install_fresh/mgate5101_driver/share/mgate5101_driver/package.sh'
[2.741s] INFO:colcon.colcon_core.shell:Creating package script '/home/hydrolab-linux/ros_ws/src/ros2_wavemakers/install_fresh/mgate5101_driver/share/mgate5101_driver/package.bash'
[2.741s] INFO:colcon.colcon_core.shell:Creating package script '/home/hydrolab-linux/ros_ws/src/ros2_wavemakers/install_fresh/mgate5101_driver/share/mgate5101_driver/package.zsh'
[2.741s] Level 1:colcon.colcon_core.environment:create_file_with_runtime_dependencies(/home/hydrolab-linux/ros_ws/src/ros2_wavemakers/install_fresh/mgate5101_driver/share/colcon-core/packages/mgate5101_driver)
[3.308s] DEBUG:colcon.colcon_core.event_handler.log_command:Invoked command in '/home/hydrolab-linux/ros_ws/src/ros2_wavemakers/build_fresh/wavemaker_interfaces' returned '0': CMAKE_PREFIX_PATH=${CMAKE_PREFIX_PATH}:/home/hydrolab-linux/ros_ws/install/turtlesim_gotta_catch_em_all:/home/hydrolab-linux/ros_ws/install/rpi_tests:/home/hydrolab-linux/ros_ws/install/rpi_linmot:/home/hydrolab-linux/ros_ws/install/rpi_arduino:/home/hydrolab-linux/ros_ws/install/my_py_pkg:/home/hydrolab-linux/ros_ws/install/move_robot:/home/hydrolab-linux/ros_ws/install/actions_py:/home/hydrolab-linux/ros_ws/install/lifecycle_py:/home/hydrolab-linux/ros_ws/install/joy_teleop_bridge:/home/hydrolab-linux/ros_ws/install/executors_py:/home/hydrolab-linux/ros_ws/install/components_py:/home/hydrolab-linux/ros_ws/install/bno055:/opt/ros/jazzy DEBUGINFOD_URLS=https://debuginfod.ubuntu.com /usr/bin/cmake /home/hydrolab-linux/ros_ws/src/ros2_wavemakers/wavemaker_interfaces -DCMAKE_BUILD_TYPE=RelWithDebInfo -DAMENT_CMAKE_SYMLINK_INSTALL=1 -DCMAKE_INSTALL_PREFIX=/home/hydrolab-linux/ros_ws/src/ros2_wavemakers/install_fresh/wavemaker_interfaces
[3.309s] DEBUG:colcon.colcon_core.event_handler.log_command:Invoking command in '/home/hydrolab-linux/ros_ws/src/ros2_wavemakers/build_fresh/wavemaker_interfaces': CMAKE_PREFIX_PATH=${CMAKE_PREFIX_PATH}:/home/hydrolab-linux/ros_ws/install/turtlesim_gotta_catch_em_all:/home/hydrolab-linux/ros_ws/install/rpi_tests:/home/hydrolab-linux/ros_ws/install/rpi_linmot:/home/hydrolab-linux/ros_ws/install/rpi_arduino:/home/hydrolab-linux/ros_ws/install/my_py_pkg:/home/hydrolab-linux/ros_ws/install/move_robot:/home/hydrolab-linux/ros_ws/install/actions_py:/home/hydrolab-linux/ros_ws/install/lifecycle_py:/home/hydrolab-linux/ros_ws/install/joy_teleop_bridge:/home/hydrolab-linux/ros_ws/install/executors_py:/home/hydrolab-linux/ros_ws/install/components_py:/home/hydrolab-linux/ros_ws/install/bno055:/opt/ros/jazzy DEBUGINFOD_URLS=https://debuginfod.ubuntu.com /usr/bin/cmake --build /home/hydrolab-linux/ros_ws/src/ros2_wavemakers/build_fresh/wavemaker_interfaces -- -j20 -l20
[7.131s] DEBUG:colcon.colcon_core.event_handler.log_command:Invoked command in '/home/hydrolab-linux/ros_ws/src/ros2_wavemakers/build_fresh/wavemaker_interfaces' returned '0': CMAKE_PREFIX_PATH=${CMAKE_PREFIX_PATH}:/home/hydrolab-linux/ros_ws/install/turtlesim_gotta_catch_em_all:/home/hydrolab-linux/ros_ws/install/rpi_tests:/home/hydrolab-linux/ros_ws/install/rpi_linmot:/home/hydrolab-linux/ros_ws/install/rpi_arduino:/home/hydrolab-linux/ros_ws/install/my_py_pkg:/home/hydrolab-linux/ros_ws/install/move_robot:/home/hydrolab-linux/ros_ws/install/actions_py:/home/hydrolab-linux/ros_ws/install/lifecycle_py:/home/hydrolab-linux/ros_ws/install/joy_teleop_bridge:/home/hydrolab-linux/ros_ws/install/executors_py:/home/hydrolab-linux/ros_ws/install/components_py:/home/hydrolab-linux/ros_ws/install/bno055:/opt/ros/jazzy DEBUGINFOD_URLS=https://debuginfod.ubuntu.com /usr/bin/cmake --build /home/hydrolab-linux/ros_ws/src/ros2_wavemakers/build_fresh/wavemaker_interfaces -- -j20 -l20
[7.132s] DEBUG:colcon.colcon_core.event_handler.log_command:Invoking command in '/home/hydrolab-linux/ros_ws/src/ros2_wavemakers/build_fresh/wavemaker_interfaces': CMAKE_PREFIX_PATH=${CMAKE_PREFIX_PATH}:/home/hydrolab-linux/ros_ws/install/turtlesim_gotta_catch_em_all:/home/hydrolab-linux/ros_ws/install/rpi_tests:/home/hydrolab-linux/ros_ws/install/rpi_linmot:/home/hydrolab-linux/ros_ws/install/rpi_arduino:/home/hydrolab-linux/ros_ws/install/my_py_pkg:/home/hydrolab-linux/ros_ws/install/move_robot:/home/hydrolab-linux/ros_ws/install/actions_py:/home/hydrolab-linux/ros_ws/install/lifecycle_py:/home/hydrolab-linux/ros_ws/install/joy_teleop_bridge:/home/hydrolab-linux/ros_ws/install/executors_py:/home/hydrolab-linux/ros_ws/install/components_py:/home/hydrolab-linux/ros_ws/install/bno055:/opt/ros/jazzy DEBUGINFOD_URLS=https://debuginfod.ubuntu.com /usr/bin/cmake --install /home/hydrolab-linux/ros_ws/src/ros2_wavemakers/build_fresh/wavemaker_interfaces
[7.784s] Level 1:colcon.colcon_core.environment:create_environment_scripts_only(wavemaker_interfaces)
[7.784s] Level 1:colcon.colcon_core.environment:checking '/home/hydrolab-linux/ros_ws/src/ros2_wavemakers/install_fresh/wavemaker_interfaces' for CMake module files
[7.785s] DEBUG:colcon.colcon_core.event_handler.log_command:Invoked command in '/home/hydrolab-linux/ros_ws/src/ros2_wavemakers/build_fresh/wavemaker_interfaces' returned '0': CMAKE_PREFIX_PATH=${CMAKE_PREFIX_PATH}:/home/hydrolab-linux/ros_ws/install/turtlesim_gotta_catch_em_all:/home/hydrolab-linux/ros_ws/install/rpi_tests:/home/hydrolab-linux/ros_ws/install/rpi_linmot:/home/hydrolab-linux/ros_ws/install/rpi_arduino:/home/hydrolab-linux/ros_ws/install/my_py_pkg:/home/hydrolab-linux/ros_ws/install/move_robot:/home/hydrolab-linux/ros_ws/install/actions_py:/home/hydrolab-linux/ros_ws/install/lifecycle_py:/home/hydrolab-linux/ros_ws/install/joy_teleop_bridge:/home/hydrolab-linux/ros_ws/install/executors_py:/home/hydrolab-linux/ros_ws/install/components_py:/home/hydrolab-linux/ros_ws/install/bno055:/opt/ros/jazzy DEBUGINFOD_URLS=https://debuginfod.ubuntu.com /usr/bin/cmake --install /home/hydrolab-linux/ros_ws/src/ros2_wavemakers/build_fresh/wavemaker_interfaces
[7.785s] Level 1:colcon.colcon_core.environment:checking '/home/hydrolab-linux/ros_ws/src/ros2_wavemakers/install_fresh/wavemaker_interfaces' for CMake config files
[7.785s] Level 1:colcon.colcon_core.shell:create_environment_hook('wavemaker_interfaces', 'cmake_prefix_path')
[7.786s] INFO:colcon.colcon_core.shell:Creating environment hook '/home/hydrolab-linux/ros_ws/src/ros2_wavemakers/install_fresh/wavemaker_interfaces/share/wavemaker_interfaces/hook/cmake_prefix_path.ps1'
[7.786s] INFO:colcon.colcon_core.shell:Creating environment descriptor '/home/hydrolab-linux/ros_ws/src/ros2_wavemakers/install_fresh/wavemaker_interfaces/share/wavemaker_interfaces/hook/cmake_prefix_path.dsv'
[7.786s] INFO:colcon.colcon_core.shell:Creating environment hook '/home/hydrolab-linux/ros_ws/src/ros2_wavemakers/install_fresh/wavemaker_interfaces/share/wavemaker_interfaces/hook/cmake_prefix_path.sh'
[7.787s] Level 1:colcon.colcon_core.environment:checking '/home/hydrolab-linux/ros_ws/src/ros2_wavemakers/install_fresh/wavemaker_interfaces/lib'
[7.787s] Level 1:colcon.colcon_core.shell:create_environment_hook('wavemaker_interfaces', 'ld_library_path_lib')
[7.787s] INFO:colcon.colcon_core.shell:Creating environment hook '/home/hydrolab-linux/ros_ws/src/ros2_wavemakers/install_fresh/wavemaker_interfaces/share/wavemaker_interfaces/hook/ld_library_path_lib.ps1'
[7.787s] INFO:colcon.colcon_core.shell:Creating environment descriptor '/home/hydrolab-linux/ros_ws/src/ros2_wavemakers/install_fresh/wavemaker_interfaces/share/wavemaker_interfaces/hook/ld_library_path_lib.dsv'
[7.787s] INFO:colcon.colcon_core.shell:Creating environment hook '/home/hydrolab-linux/ros_ws/src/ros2_wavemakers/install_fresh/wavemaker_interfaces/share/wavemaker_interfaces/hook/ld_library_path_lib.sh'
[7.788s] Level 1:colcon.colcon_core.environment:checking '/home/hydrolab-linux/ros_ws/src/ros2_wavemakers/install_fresh/wavemaker_interfaces/bin'
[7.788s] Level 1:colcon.colcon_core.environment:checking '/home/hydrolab-linux/ros_ws/src/ros2_wavemakers/install_fresh/wavemaker_interfaces/lib/pkgconfig/wavemaker_interfaces.pc'
[7.788s] Level 1:colcon.colcon_core.environment:checking '/home/hydrolab-linux/ros_ws/src/ros2_wavemakers/install_fresh/wavemaker_interfaces/lib/python3.12/site-packages'
[7.788s] Level 1:colcon.colcon_core.shell:create_environment_hook('wavemaker_interfaces', 'pythonpath')
[7.788s] INFO:colcon.colcon_core.shell:Creating environment hook '/home/hydrolab-linux/ros_ws/src/ros2_wavemakers/install_fresh/wavemaker_interfaces/share/wavemaker_interfaces/hook/pythonpath.ps1'
[7.788s] INFO:colcon.colcon_core.shell:Creating environment descriptor '/home/hydrolab-linux/ros_ws/src/ros2_wavemakers/install_fresh/wavemaker_interfaces/share/wavemaker_interfaces/hook/pythonpath.dsv'
[7.789s] INFO:colcon.colcon_core.shell:Creating environment hook '/home/hydrolab-linux/ros_ws/src/ros2_wavemakers/install_fresh/wavemaker_interfaces/share/wavemaker_interfaces/hook/pythonpath.sh'
[7.789s] Level 1:colcon.colcon_core.environment:checking '/home/hydrolab-linux/ros_ws/src/ros2_wavemakers/install_fresh/wavemaker_interfaces/bin'
[7.789s] INFO:colcon.colcon_core.shell:Creating package script '/home/hydrolab-linux/ros_ws/src/ros2_wavemakers/install_fresh/wavemaker_interfaces/share/wavemaker_interfaces/package.ps1'
[7.790s] INFO:colcon.colcon_core.shell:Creating package descriptor '/home/hydrolab-linux/ros_ws/src/ros2_wavemakers/install_fresh/wavemaker_interfaces/share/wavemaker_interfaces/package.dsv'
[7.790s] INFO:colcon.colcon_core.shell:Creating package script '/home/hydrolab-linux/ros_ws/src/ros2_wavemakers/install_fresh/wavemaker_interfaces/share/wavemaker_interfaces/package.sh'
[7.790s] INFO:colcon.colcon_core.shell:Creating package script '/home/hydrolab-linux/ros_ws/src/ros2_wavemakers/install_fresh/wavemaker_interfaces/share/wavemaker_interfaces/package.bash'
[7.791s] INFO:colcon.colcon_core.shell:Creating package script '/home/hydrolab-linux/ros_ws/src/ros2_wavemakers/install_fresh/wavemaker_interfaces/share/wavemaker_interfaces/package.zsh'
[7.791s] Level 1:colcon.colcon_core.environment:create_file_with_runtime_dependencies(/home/hydrolab-linux/ros_ws/src/ros2_wavemakers/install_fresh/wavemaker_interfaces/share/colcon-core/packages/wavemaker_interfaces)
[7.791s] Level 1:colcon.colcon_core.environment:create_environment_scripts_only(wavemaker_interfaces)
[7.791s] Level 1:colcon.colcon_core.environment:checking '/home/hydrolab-linux/ros_ws/src/ros2_wavemakers/install_fresh/wavemaker_interfaces' for CMake module files
[7.791s] Level 1:colcon.colcon_core.environment:checking '/home/hydrolab-linux/ros_ws/src/ros2_wavemakers/install_fresh/wavemaker_interfaces' for CMake config files
[7.792s] Level 1:colcon.colcon_core.shell:create_environment_hook('wavemaker_interfaces', 'cmake_prefix_path')
[7.792s] INFO:colcon.colcon_core.shell:Creating environment hook '/home/hydrolab-linux/ros_ws/src/ros2_wavemakers/install_fresh/wavemaker_interfaces/share/wavemaker_interfaces/hook/cmake_prefix_path.ps1'
[7.792s] INFO:colcon.colcon_core.shell:Creating environment descriptor '/home/hydrolab-linux/ros_ws/src/ros2_wavemakers/install_fresh/wavemaker_interfaces/share/wavemaker_interfaces/hook/cmake_prefix_path.dsv'
[7.792s] INFO:colcon.colcon_core.shell:Creating environment hook '/home/hydrolab-linux/ros_ws/src/ros2_wavemakers/install_fresh/wavemaker_interfaces/share/wavemaker_interfaces/hook/cmake_prefix_path.sh'
[7.792s] Level 1:colcon.colcon_core.environment:checking '/home/hydrolab-linux/ros_ws/src/ros2_wavemakers/install_fresh/wavemaker_interfaces/lib'
[7.792s] Level 1:colcon.colcon_core.shell:create_environment_hook('wavemaker_interfaces', 'ld_library_path_lib')
[7.792s] INFO:colcon.colcon_core.shell:Creating environment hook '/home/hydrolab-linux/ros_ws/src/ros2_wavemakers/install_fresh/wavemaker_interfaces/share/wavemaker_interfaces/hook/ld_library_path_lib.ps1'
[7.792s] INFO:colcon.colcon_core.shell:Creating environment descriptor '/home/hydrolab-linux/ros_ws/src/ros2_wavemakers/install_fresh/wavemaker_interfaces/share/wavemaker_interfaces/hook/ld_library_path_lib.dsv'
[7.793s] INFO:colcon.colcon_core.shell:Creating environment hook '/home/hydrolab-linux/ros_ws/src/ros2_wavemakers/install_fresh/wavemaker_interfaces/share/wavemaker_interfaces/hook/ld_library_path_lib.sh'
[7.793s] Level 1:colcon.colcon_core.environment:checking '/home/hydrolab-linux/ros_ws/src/ros2_wavemakers/install_fresh/wavemaker_interfaces/bin'
[7.793s] Level 1:colcon.colcon_core.environment:checking '/home/hydrolab-linux/ros_ws/src/ros2_wavemakers/install_fresh/wavemaker_interfaces/lib/pkgconfig/wavemaker_interfaces.pc'
[7.793s] Level 1:colcon.colcon_core.environment:checking '/home/hydrolab-linux/ros_ws/src/ros2_wavemakers/install_fresh/wavemaker_interfaces/lib/python3.12/site-packages'
[7.793s] Level 1:colcon.colcon_core.shell:create_environment_hook('wavemaker_interfaces', 'pythonpath')
[7.793s] INFO:colcon.colcon_core.shell:Creating environment hook '/home/hydrolab-linux/ros_ws/src/ros2_wavemakers/install_fresh/wavemaker_interfaces/share/wavemaker_interfaces/hook/pythonpath.ps1'
[7.793s] INFO:colcon.colcon_core.shell:Creating environment descriptor '/home/hydrolab-linux/ros_ws/src/ros2_wavemakers/install_fresh/wavemaker_interfaces/share/wavemaker_interfaces/hook/pythonpath.dsv'
[7.793s] INFO:colcon.colcon_core.shell:Creating environment hook '/home/hydrolab-linux/ros_ws/src/ros2_wavemakers/install_fresh/wavemaker_interfaces/share/wavemaker_interfaces/hook/pythonpath.sh'
[7.794s] Level 1:colcon.colcon_core.environment:checking '/home/hydrolab-linux/ros_ws/src/ros2_wavemakers/install_fresh/wavemaker_interfaces/bin'
[7.794s] INFO:colcon.colcon_core.shell:Creating package script '/home/hydrolab-linux/ros_ws/src/ros2_wavemakers/install_fresh/wavemaker_interfaces/share/wavemaker_interfaces/package.ps1'
[7.794s] INFO:colcon.colcon_core.shell:Creating package descriptor '/home/hydrolab-linux/ros_ws/src/ros2_wavemakers/install_fresh/wavemaker_interfaces/share/wavemaker_interfaces/package.dsv'
[7.795s] INFO:colcon.colcon_core.shell:Creating package script '/home/hydrolab-linux/ros_ws/src/ros2_wavemakers/install_fresh/wavemaker_interfaces/share/wavemaker_interfaces/package.sh'
[7.795s] INFO:colcon.colcon_core.shell:Creating package script '/home/hydrolab-linux/ros_ws/src/ros2_wavemakers/install_fresh/wavemaker_interfaces/share/wavemaker_interfaces/package.bash'
[7.795s] INFO:colcon.colcon_core.shell:Creating package script '/home/hydrolab-linux/ros_ws/src/ros2_wavemakers/install_fresh/wavemaker_interfaces/share/wavemaker_interfaces/package.zsh'
[7.795s] Level 1:colcon.colcon_core.environment:create_file_with_runtime_dependencies(/home/hydrolab-linux/ros_ws/src/ros2_wavemakers/install_fresh/wavemaker_interfaces/share/colcon-core/packages/wavemaker_interfaces)
[7.795s] INFO:colcon.colcon_ros.task.ament_cmake.build:Building ROS package in '/home/hydrolab-linux/ros_ws/src/ros2_wavemakers/wavemaker_controller' with build type 'ament_cmake'
[7.795s] INFO:colcon.colcon_cmake.task.cmake.build:Building CMake package in '/home/hydrolab-linux/ros_ws/src/ros2_wavemakers/wavemaker_controller'
[7.795s] INFO:colcon.colcon_core.shell:Skip shell extension 'powershell' for command environment: Not usable outside of PowerShell
[7.795s] DEBUG:colcon.colcon_core.shell:Skip shell extension 'dsv' for command environment
[7.808s] DEBUG:colcon.colcon_core.event_handler.log_command:Invoking command in '/home/hydrolab-linux/ros_ws/src/ros2_wavemakers/build_fresh/wavemaker_controller': AMENT_PREFIX_PATH=/home/hydrolab-linux/ros_ws/src/ros2_wavemakers/install_fresh/wavemaker_interfaces:/home/hydrolab-linux/ros_ws/src/ros2_wavemakers/install_fresh/mgate5101_driver:${AMENT_PREFIX_PATH} CMAKE_PREFIX_PATH=/home/hydrolab-linux/ros_ws/src/ros2_wavemakers/install_fresh/wavemaker_interfaces:/home/hydrolab-linux/ros_ws/src/ros2_wavemakers/install_fresh/mgate5101_driver:/home/hydrolab-linux/ros_ws/install/wavemaker_bringup:/home/hydrolab-linux/ros_ws/install/wavemaker_controller:/home/hydrolab-linux/ros_ws/install/wavemaker_interfaces:/home/hydrolab-linux/ros_ws/install/my_robot_bringup:/home/hydrolab-linux/ros_ws/install/turtlesim_project_cpp:/home/hydrolab-linux/ros_ws/install/turtlebot_bringup:/home/hydrolab-linux/ros_ws/install/rpi_bringup:/home/hydrolab-linux/ros_ws/install/ros2_pca9685:/home/hydrolab-linux/ros_ws/install/qualisys_driver:/home/hydrolab-linux/ros_ws/install/my_cpp_pkg:/home/hydrolab-linux/ros_ws/install/lifecycle_cpp:/home/hydrolab-linux/ros_ws/install/final_project:/home/hydrolab-linux/ros_ws/install/actions_cpp:/home/hydrolab-linux/ros_ws/install/my_robot_interfaces:/home/hydrolab-linux/ros_ws/install/my_robot_description:/home/hydrolab-linux/ros_ws/install/cybership_mocap:/home/hydrolab-linux/ros_ws/install/mocap4r2_msgs:/home/hydrolab-linux/ros_ws/install/mgate5101_driver:/home/hydrolab-linux/ros_ws/install/executors_cpp:/home/hydrolab-linux/ros_ws/install/dynamixel_servo_ros:/home/hydrolab-linux/ros_ws/install/cybership_viz:/home/hydrolab-linux/ros_ws/install/cybership_utilities:/home/hydrolab-linux/ros_ws/install/cybership_thrusters:/home/hydrolab-linux/ros_ws/install/cybership_tests:/home/hydrolab-linux/ros_ws/install/cybership_teleop:/home/hydrolab-linux/ros_ws/install/cybership_simulator:/home/hydrolab-linux/ros_ws/install/cybership_observer:/home/hydrolab-linux/ros_ws/install/cybership_controller:/home/hydrolab-linux/ros_ws/install/cybership_interfaces:/home/hydrolab-linux/ros_ws/install/cybership_dp:/home/hydrolab-linux/ros_ws/install/cybership_description:/home/hydrolab-linux/ros_ws/install/cybership_config:/home/hydrolab-linux/ros_ws/install/cybership_bringup:/home/hydrolab-linux/ros_ws/install/components_cpp:/opt/ros/jazzy/opt/gz_sim_vendor:/opt/ros/jazzy/opt/gz_sensors_vendor:/opt/ros/jazzy/opt/gz_physics_vendor:/opt/ros/jazzy/opt/sdformat_vendor:/opt/ros/jazzy/opt/gz_gui_vendor:/opt/ros/jazzy/opt/gz_transport_vendor:/opt/ros/jazzy/opt/gz_rendering_vendor:/opt/ros/jazzy/opt/gz_plugin_vendor:/opt/ros/jazzy/opt/gz_fuel_tools_vendor:/opt/ros/jazzy/opt/gz_msgs_vendor:/opt/ros/jazzy/opt/gz_common_vendor:/opt/ros/jazzy/opt/gz_math_vendor:/opt/ros/jazzy/opt/gz_utils_vendor:/opt/ros/jazzy/opt/gz_tools_vendor:/opt/ros/jazzy/opt/gz_ogre_next_vendor:/opt/ros/jazzy/opt/gz_dartsim_vendor:/opt/ros/jazzy/opt/gz_cmake_vendor:/home/hydrolab-linux/ros_ws/install/turtlesim_gotta_catch_em_all:/home/hydrolab-linux/ros_ws/install/rpi_tests:/home/hydrolab-linux/ros_ws/install/rpi_linmot:/home/hydrolab-linux/ros_ws/install/rpi_arduino:/home/hydrolab-linux/ros_ws/install/my_py_pkg:/home/hydrolab-linux/ros_ws/install/move_robot:/home/hydrolab-linux/ros_ws/install/actions_py:/home/hydrolab-linux/ros_ws/install/lifecycle_py:/home/hydrolab-linux/ros_ws/install/joy_teleop_bridge:/home/hydrolab-linux/ros_ws/install/executors_py:/home/hydrolab-linux/ros_ws/install/components_py:/home/hydrolab-linux/ros_ws/install/bno055:/opt/ros/jazzy DEBUGINFOD_URLS=https://debuginfod.ubuntu.com LD_LIBRARY_PATH=/home/hydrolab-linux/ros_ws/src/ros2_wavemakers/install_fresh/wavemaker_interfaces/lib:/home/hydrolab-linux/ros_ws/src/ros2_wavemakers/install_fresh/mgate5101_driver/lib:${LD_LIBRARY_PATH} PYTHONPATH=/home/hydrolab-linux/ros_ws/src/ros2_wavemakers/install_fresh/wavemaker_interfaces/lib/python3.12/site-packages:${PYTHONPATH} /usr/bin/cmake /home/hydrolab-linux/ros_ws/src/ros2_wavemakers/wavemaker_controller -DCMAKE_BUILD_TYPE=RelWithDebInfo -DAMENT_CMAKE_SYMLINK_INSTALL=1 -DCMAKE_INSTALL_PREFIX=/home/hydrolab-linux/ros_ws/src/ros2_wavemakers/install_fresh/wavemaker_controller
[8.936s] DEBUG:colcon.colcon_core.event_handler.log_command:Invoked command in '/home/hydrolab-linux/ros_ws/src/ros2_wavemakers/build_fresh/wavemaker_controller' returned '0': AMENT_PREFIX_PATH=/home/hydrolab-linux/ros_ws/src/ros2_wavemakers/install_fresh/wavemaker_interfaces:/home/hydrolab-linux/ros_ws/src/ros2_wavemakers/install_fresh/mgate5101_driver:${AMENT_PREFIX_PATH} CMAKE_PREFIX_PATH=/home/hydrolab-linux/ros_ws/src/ros2_wavemakers/install_fresh/wavemaker_interfaces:/home/hydrolab-linux/ros_ws/src/ros2_wavemakers/install_fresh/mgate5101_driver:/home/hydrolab-linux/ros_ws/install/wavemaker_bringup:/home/hydrolab-linux/ros_ws/install/wavemaker_controller:/home/hydrolab-linux/ros_ws/install/wavemaker_interfaces:/home/hydrolab-linux/ros_ws/install/my_robot_bringup:/home/hydrolab-linux/ros_ws/install/turtlesim_project_cpp:/home/hydrolab-linux/ros_ws/install/turtlebot_bringup:/home/hydrolab-linux/ros_ws/install/rpi_bringup:/home/hydrolab-linux/ros_ws/install/ros2_pca9685:/home/hydrolab-linux/ros_ws/install/qualisys_driver:/home/hydrolab-linux/ros_ws/install/my_cpp_pkg:/home/hydrolab-linux/ros_ws/install/lifecycle_cpp:/home/hydrolab-linux/ros_ws/install/final_project:/home/hydrolab-linux/ros_ws/install/actions_cpp:/home/hydrolab-linux/ros_ws/install/my_robot_interfaces:/home/hydrolab-linux/ros_ws/install/my_robot_description:/home/hydrolab-linux/ros_ws/install/cybership_mocap:/home/hydrolab-linux/ros_ws/install/mocap4r2_msgs:/home/hydrolab-linux/ros_ws/install/mgate5101_driver:/home/hydrolab-linux/ros_ws/install/executors_cpp:/home/hydrolab-linux/ros_ws/install/dynamixel_servo_ros:/home/hydrolab-linux/ros_ws/install/cybership_viz:/home/hydrolab-linux/ros_ws/install/cybership_utilities:/home/hydrolab-linux/ros_ws/install/cybership_thrusters:/home/hydrolab-linux/ros_ws/install/cybership_tests:/home/hydrolab-linux/ros_ws/install/cybership_teleop:/home/hydrolab-linux/ros_ws/install/cybership_simulator:/home/hydrolab-linux/ros_ws/install/cybership_observer:/home/hydrolab-linux/ros_ws/install/cybership_controller:/home/hydrolab-linux/ros_ws/install/cybership_interfaces:/home/hydrolab-linux/ros_ws/install/cybership_dp:/home/hydrolab-linux/ros_ws/install/cybership_description:/home/hydrolab-linux/ros_ws/install/cybership_config:/home/hydrolab-linux/ros_ws/install/cybership_bringup:/home/hydrolab-linux/ros_ws/install/components_cpp:/opt/ros/jazzy/opt/gz_sim_vendor:/opt/ros/jazzy/opt/gz_sensors_vendor:/opt/ros/jazzy/opt/gz_physics_vendor:/opt/ros/jazzy/opt/sdformat_vendor:/opt/ros/jazzy/opt/gz_gui_vendor:/opt/ros/jazzy/opt/gz_transport_vendor:/opt/ros/jazzy/opt/gz_rendering_vendor:/opt/ros/jazzy/opt/gz_plugin_vendor:/opt/ros/jazzy/opt/gz_fuel_tools_vendor:/opt/ros/jazzy/opt/gz_msgs_vendor:/opt/ros/jazzy/opt/gz_common_vendor:/opt/ros/jazzy/opt/gz_math_vendor:/opt/ros/jazzy/opt/gz_utils_vendor:/opt/ros/jazzy/opt/gz_tools_vendor:/opt/ros/jazzy/opt/gz_ogre_next_vendor:/opt/ros/jazzy/opt/gz_dartsim_vendor:/opt/ros/jazzy/opt/gz_cmake_vendor:/home/hydrolab-linux/ros_ws/install/turtlesim_gotta_catch_em_all:/home/hydrolab-linux/ros_ws/install/rpi_tests:/home/hydrolab-linux/ros_ws/install/rpi_linmot:/home/hydrolab-linux/ros_ws/install/rpi_arduino:/home/hydrolab-linux/ros_ws/install/my_py_pkg:/home/hydrolab-linux/ros_ws/install/move_robot:/home/hydrolab-linux/ros_ws/install/actions_py:/home/hydrolab-linux/ros_ws/install/lifecycle_py:/home/hydrolab-linux/ros_ws/install/joy_teleop_bridge:/home/hydrolab-linux/ros_ws/install/executors_py:/home/hydrolab-linux/ros_ws/install/components_py:/home/hydrolab-linux/ros_ws/install/bno055:/opt/ros/jazzy DEBUGINFOD_URLS=https://debuginfod.ubuntu.com LD_LIBRARY_PATH=/home/hydrolab-linux/ros_ws/src/ros2_wavemakers/install_fresh/wavemaker_interfaces/lib:/home/hydrolab-linux/ros_ws/src/ros2_wavemakers/install_fresh/mgate5101_driver/lib:${LD_LIBRARY_PATH} PYTHONPATH=/home/hydrolab-linux/ros_ws/src/ros2_wavemakers/install_fresh/wavemaker_interfaces/lib/python3.12/site-packages:${PYTHONPATH} /usr/bin/cmake /home/hydrolab-linux/ros_ws/src/ros2_wavemakers/wavemaker_controller -DCMAKE_BUILD_TYPE=RelWithDebInfo -DAMENT_CMAKE_SYMLINK_INSTALL=1 -DCMAKE_INSTALL_PREFIX=/home/hydrolab-linux/ros_ws/src/ros2_wavemakers/install_fresh/wavemaker_controller
[8.937s] DEBUG:colcon.colcon_core.event_handler.log_command:Invoking command in '/home/hydrolab-linux/ros_ws/src/ros2_wavemakers/build_fresh/wavemaker_controller': AMENT_PREFIX_PATH=/home/hydrolab-linux/ros_ws/src/ros2_wavemakers/install_fresh/wavemaker_interfaces:/home/hydrolab-linux/ros_ws/src/ros2_wavemakers/install_fresh/mgate5101_driver:${AMENT_PREFIX_PATH} CMAKE_PREFIX_PATH=/home/hydrolab-linux/ros_ws/src/ros2_wavemakers/install_fresh/wavemaker_interfaces:/home/hydrolab-linux/ros_ws/src/ros2_wavemakers/install_fresh/mgate5101_driver:/home/hydrolab-linux/ros_ws/install/wavemaker_bringup:/home/hydrolab-linux/ros_ws/install/wavemaker_controller:/home/hydrolab-linux/ros_ws/install/wavemaker_interfaces:/home/hydrolab-linux/ros_ws/install/my_robot_bringup:/home/hydrolab-linux/ros_ws/install/turtlesim_project_cpp:/home/hydrolab-linux/ros_ws/install/turtlebot_bringup:/home/hydrolab-linux/ros_ws/install/rpi_bringup:/home/hydrolab-linux/ros_ws/install/ros2_pca9685:/home/hydrolab-linux/ros_ws/install/qualisys_driver:/home/hydrolab-linux/ros_ws/install/my_cpp_pkg:/home/hydrolab-linux/ros_ws/install/lifecycle_cpp:/home/hydrolab-linux/ros_ws/install/final_project:/home/hydrolab-linux/ros_ws/install/actions_cpp:/home/hydrolab-linux/ros_ws/install/my_robot_interfaces:/home/hydrolab-linux/ros_ws/install/my_robot_description:/home/hydrolab-linux/ros_ws/install/cybership_mocap:/home/hydrolab-linux/ros_ws/install/mocap4r2_msgs:/home/hydrolab-linux/ros_ws/install/mgate5101_driver:/home/hydrolab-linux/ros_ws/install/executors_cpp:/home/hydrolab-linux/ros_ws/install/dynamixel_servo_ros:/home/hydrolab-linux/ros_ws/install/cybership_viz:/home/hydrolab-linux/ros_ws/install/cybership_utilities:/home/hydrolab-linux/ros_ws/install/cybership_thrusters:/home/hydrolab-linux/ros_ws/install/cybership_tests:/home/hydrolab-linux/ros_ws/install/cybership_teleop:/home/hydrolab-linux/ros_ws/install/cybership_simulator:/home/hydrolab-linux/ros_ws/install/cybership_observer:/home/hydrolab-linux/ros_ws/install/cybership_controller:/home/hydrolab-linux/ros_ws/install/cybership_interfaces:/home/hydrolab-linux/ros_ws/install/cybership_dp:/home/hydrolab-linux/ros_ws/install/cybership_description:/home/hydrolab-linux/ros_ws/install/cybership_config:/home/hydrolab-linux/ros_ws/install/cybership_bringup:/home/hydrolab-linux/ros_ws/install/components_cpp:/opt/ros/jazzy/opt/gz_sim_vendor:/opt/ros/jazzy/opt/gz_sensors_vendor:/opt/ros/jazzy/opt/gz_physics_vendor:/opt/ros/jazzy/opt/sdformat_vendor:/opt/ros/jazzy/opt/gz_gui_vendor:/opt/ros/jazzy/opt/gz_transport_vendor:/opt/ros/jazzy/opt/gz_rendering_vendor:/opt/ros/jazzy/opt/gz_plugin_vendor:/opt/ros/jazzy/opt/gz_fuel_tools_vendor:/opt/ros/jazzy/opt/gz_msgs_vendor:/opt/ros/jazzy/opt/gz_common_vendor:/opt/ros/jazzy/opt/gz_math_vendor:/opt/ros/jazzy/opt/gz_utils_vendor:/opt/ros/jazzy/opt/gz_tools_vendor:/opt/ros/jazzy/opt/gz_ogre_next_vendor:/opt/ros/jazzy/opt/gz_dartsim_vendor:/opt/ros/jazzy/opt/gz_cmake_vendor:/home/hydrolab-linux/ros_ws/install/turtlesim_gotta_catch_em_all:/home/hydrolab-linux/ros_ws/install/rpi_tests:/home/hydrolab-linux/ros_ws/install/rpi_linmot:/home/hydrolab-linux/ros_ws/install/rpi_arduino:/home/hydrolab-linux/ros_ws/install/my_py_pkg:/home/hydrolab-linux/ros_ws/install/move_robot:/home/hydrolab-linux/ros_ws/install/actions_py:/home/hydrolab-linux/ros_ws/install/lifecycle_py:/home/hydrolab-linux/ros_ws/install/joy_teleop_bridge:/home/hydrolab-linux/ros_ws/install/executors_py:/home/hydrolab-linux/ros_ws/install/components_py:/home/hydrolab-linux/ros_ws/install/bno055:/opt/ros/jazzy DEBUGINFOD_URLS=https://debuginfod.ubuntu.com LD_LIBRARY_PATH=/home/hydrolab-linux/ros_ws/src/ros2_wavemakers/install_fresh/wavemaker_interfaces/lib:/home/hydrolab-linux/ros_ws/src/ros2_wavemakers/install_fresh/mgate5101_driver/lib:${LD_LIBRARY_PATH} PYTHONPATH=/home/hydrolab-linux/ros_ws/src/ros2_wavemakers/install_fresh/wavemaker_interfaces/lib/python3.12/site-packages:${PYTHONPATH} /usr/bin/cmake --build /home/hydrolab-linux/ros_ws/src/ros2_wavemakers/build_fresh/wavemaker_controller -- -j20 -l20
[26.538s] DEBUG:colcon.colcon_core.event_handler.log_command:Invoked command in '/home/hydrolab-linux/ros_ws/src/ros2_wavemakers/build_fresh/wavemaker_controller' returned '0': AMENT_PREFIX_PATH=/home/hydrolab-linux/ros_ws/src/ros2_wavemakers/install_fresh/wavemaker_interfaces:/home/hydrolab-linux/ros_ws/src/ros2_wavemakers/install_fresh/mgate5101_driver:${AMENT_PREFIX_PATH} CMAKE_PREFIX_PATH=/home/hydrolab-linux/ros_ws/src/ros2_wavemakers/install_fresh/wavemaker_interfaces:/home/hydrolab-linux/ros_ws/src/ros2_wavemakers/install_fresh/mgate5101_driver:/home/hydrolab-linux/ros_ws/install/wavemaker_bringup:/home/hydrolab-linux/ros_ws/install/wavemaker_controller:/home/hydrolab-linux/ros_ws/install/wavemaker_interfaces:/home/hydrolab-linux/ros_ws/install/my_robot_bringup:/home/hydrolab-linux/ros_ws/install/turtlesim_project_cpp:/home/hydrolab-linux/ros_ws/install/turtlebot_bringup:/home/hydrolab-linux/ros_ws/install/rpi_bringup:/home/hydrolab-linux/ros_ws/install/ros2_pca9685:/home/hydrolab-linux/ros_ws/install/qualisys_driver:/home/hydrolab-linux/ros_ws/install/my_cpp_pkg:/home/hydrolab-linux/ros_ws/install/lifecycle_cpp:/home/hydrolab-linux/ros_ws/install/final_project:/home/hydrolab-linux/ros_ws/install/actions_cpp:/home/hydrolab-linux/ros_ws/install/my_robot_interfaces:/home/hydrolab-linux/ros_ws/install/my_robot_description:/home/hydrolab-linux/ros_ws/install/cybership_mocap:/home/hydrolab-linux/ros_ws/install/mocap4r2_msgs:/home/hydrolab-linux/ros_ws/install/mgate5101_driver:/home/hydrolab-linux/ros_ws/install/executors_cpp:/home/hydrolab-linux/ros_ws/install/dynamixel_servo_ros:/home/hydrolab-linux/ros_ws/install/cybership_viz:/home/hydrolab-linux/ros_ws/install/cybership_utilities:/home/hydrolab-linux/ros_ws/install/cybership_thrusters:/home/hydrolab-linux/ros_ws/install/cybership_tests:/home/hydrolab-linux/ros_ws/install/cybership_teleop:/home/hydrolab-linux/ros_ws/install/cybership_simulator:/home/hydrolab-linux/ros_ws/install/cybership_observer:/home/hydrolab-linux/ros_ws/install/cybership_controller:/home/hydrolab-linux/ros_ws/install/cybership_interfaces:/home/hydrolab-linux/ros_ws/install/cybership_dp:/home/hydrolab-linux/ros_ws/install/cybership_description:/home/hydrolab-linux/ros_ws/install/cybership_config:/home/hydrolab-linux/ros_ws/install/cybership_bringup:/home/hydrolab-linux/ros_ws/install/components_cpp:/opt/ros/jazzy/opt/gz_sim_vendor:/opt/ros/jazzy/opt/gz_sensors_vendor:/opt/ros/jazzy/opt/gz_physics_vendor:/opt/ros/jazzy/opt/sdformat_vendor:/opt/ros/jazzy/opt/gz_gui_vendor:/opt/ros/jazzy/opt/gz_transport_vendor:/opt/ros/jazzy/opt/gz_rendering_vendor:/opt/ros/jazzy/opt/gz_plugin_vendor:/opt/ros/jazzy/opt/gz_fuel_tools_vendor:/opt/ros/jazzy/opt/gz_msgs_vendor:/opt/ros/jazzy/opt/gz_common_vendor:/opt/ros/jazzy/opt/gz_math_vendor:/opt/ros/jazzy/opt/gz_utils_vendor:/opt/ros/jazzy/opt/gz_tools_vendor:/opt/ros/jazzy/opt/gz_ogre_next_vendor:/opt/ros/jazzy/opt/gz_dartsim_vendor:/opt/ros/jazzy/opt/gz_cmake_vendor:/home/hydrolab-linux/ros_ws/install/turtlesim_gotta_catch_em_all:/home/hydrolab-linux/ros_ws/install/rpi_tests:/home/hydrolab-linux/ros_ws/install/rpi_linmot:/home/hydrolab-linux/ros_ws/install/rpi_arduino:/home/hydrolab-linux/ros_ws/install/my_py_pkg:/home/hydrolab-linux/ros_ws/install/move_robot:/home/hydrolab-linux/ros_ws/install/actions_py:/home/hydrolab-linux/ros_ws/install/lifecycle_py:/home/hydrolab-linux/ros_ws/install/joy_teleop_bridge:/home/hydrolab-linux/ros_ws/install/executors_py:/home/hydrolab-linux/ros_ws/install/components_py:/home/hydrolab-linux/ros_ws/install/bno055:/opt/ros/jazzy DEBUGINFOD_URLS=https://debuginfod.ubuntu.com LD_LIBRARY_PATH=/home/hydrolab-linux/ros_ws/src/ros2_wavemakers/install_fresh/wavemaker_interfaces/lib:/home/hydrolab-linux/ros_ws/src/ros2_wavemakers/install_fresh/mgate5101_driver/lib:${LD_LIBRARY_PATH} PYTHONPATH=/home/hydrolab-linux/ros_ws/src/ros2_wavemakers/install_fresh/wavemaker_interfaces/lib/python3.12/site-packages:${PYTHONPATH} /usr/bin/cmake --build /home/hydrolab-linux/ros_ws/src/ros2_wavemakers/build_fresh/wavemaker_controller -- -j20 -l20
[26.539s] DEBUG:colcon.colcon_core.event_handler.log_command:Invoking command in '/home/hydrolab-linux/ros_ws/src/ros2_wavemakers/build_fresh/wavemaker_controller': AMENT_PREFIX_PATH=/home/hydrolab-linux/ros_ws/src/ros2_wavemakers/install_fresh/wavemaker_interfaces:/home/hydrolab-linux/ros_ws/src/ros2_wavemakers/install_fresh/mgate5101_driver:${AMENT_PREFIX_PATH} CMAKE_PREFIX_PATH=/home/hydrolab-linux/ros_ws/src/ros2_wavemakers/install_fresh/wavemaker_interfaces:/home/hydrolab-linux/ros_ws/src/ros2_wavemakers/install_fresh/mgate5101_driver:/home/hydrolab-linux/ros_ws/install/wavemaker_bringup:/home/hydrolab-linux/ros_ws/install/wavemaker_controller:/home/hydrolab-linux/ros_ws/install/wavemaker_interfaces:/home/hydrolab-linux/ros_ws/install/my_robot_bringup:/home/hydrolab-linux/ros_ws/install/turtlesim_project_cpp:/home/hydrolab-linux/ros_ws/install/turtlebot_bringup:/home/hydrolab-linux/ros_ws/install/rpi_bringup:/home/hydrolab-linux/ros_ws/install/ros2_pca9685:/home/hydrolab-linux/ros_ws/install/qualisys_driver:/home/hydrolab-linux/ros_ws/install/my_cpp_pkg:/home/hydrolab-linux/ros_ws/install/lifecycle_cpp:/home/hydrolab-linux/ros_ws/install/final_project:/home/hydrolab-linux/ros_ws/install/actions_cpp:/home/hydrolab-linux/ros_ws/install/my_robot_interfaces:/home/hydrolab-linux/ros_ws/install/my_robot_description:/home/hydrolab-linux/ros_ws/install/cybership_mocap:/home/hydrolab-linux/ros_ws/install/mocap4r2_msgs:/home/hydrolab-linux/ros_ws/install/mgate5101_driver:/home/hydrolab-linux/ros_ws/install/executors_cpp:/home/hydrolab-linux/ros_ws/install/dynamixel_servo_ros:/home/hydrolab-linux/ros_ws/install/cybership_viz:/home/hydrolab-linux/ros_ws/install/cybership_utilities:/home/hydrolab-linux/ros_ws/install/cybership_thrusters:/home/hydrolab-linux/ros_ws/install/cybership_tests:/home/hydrolab-linux/ros_ws/install/cybership_teleop:/home/hydrolab-linux/ros_ws/install/cybership_simulator:/home/hydrolab-linux/ros_ws/install/cybership_observer:/home/hydrolab-linux/ros_ws/install/cybership_controller:/home/hydrolab-linux/ros_ws/install/cybership_interfaces:/home/hydrolab-linux/ros_ws/install/cybership_dp:/home/hydrolab-linux/ros_ws/install/cybership_description:/home/hydrolab-linux/ros_ws/install/cybership_config:/home/hydrolab-linux/ros_ws/install/cybership_bringup:/home/hydrolab-linux/ros_ws/install/components_cpp:/opt/ros/jazzy/opt/gz_sim_vendor:/opt/ros/jazzy/opt/gz_sensors_vendor:/opt/ros/jazzy/opt/gz_physics_vendor:/opt/ros/jazzy/opt/sdformat_vendor:/opt/ros/jazzy/opt/gz_gui_vendor:/opt/ros/jazzy/opt/gz_transport_vendor:/opt/ros/jazzy/opt/gz_rendering_vendor:/opt/ros/jazzy/opt/gz_plugin_vendor:/opt/ros/jazzy/opt/gz_fuel_tools_vendor:/opt/ros/jazzy/opt/gz_msgs_vendor:/opt/ros/jazzy/opt/gz_common_vendor:/opt/ros/jazzy/opt/gz_math_vendor:/opt/ros/jazzy/opt/gz_utils_vendor:/opt/ros/jazzy/opt/gz_tools_vendor:/opt/ros/jazzy/opt/gz_ogre_next_vendor:/opt/ros/jazzy/opt/gz_dartsim_vendor:/opt/ros/jazzy/opt/gz_cmake_vendor:/home/hydrolab-linux/ros_ws/install/turtlesim_gotta_catch_em_all:/home/hydrolab-linux/ros_ws/install/rpi_tests:/home/hydrolab-linux/ros_ws/install/rpi_linmot:/home/hydrolab-linux/ros_ws/install/rpi_arduino:/home/hydrolab-linux/ros_ws/install/my_py_pkg:/home/hydrolab-linux/ros_ws/install/move_robot:/home/hydrolab-linux/ros_ws/install/actions_py:/home/hydrolab-linux/ros_ws/install/lifecycle_py:/home/hydrolab-linux/ros_ws/install/joy_teleop_bridge:/home/hydrolab-linux/ros_ws/install/executors_py:/home/hydrolab-linux/ros_ws/install/components_py:/home/hydrolab-linux/ros_ws/install/bno055:/opt/ros/jazzy DEBUGINFOD_URLS=https://debuginfod.ubuntu.com LD_LIBRARY_PATH=/home/hydrolab-linux/ros_ws/src/ros2_wavemakers/install_fresh/wavemaker_interfaces/lib:/home/hydrolab-linux/ros_ws/src/ros2_wavemakers/install_fresh/mgate5101_driver/lib:${LD_LIBRARY_PATH} PYTHONPATH=/home/hydrolab-linux/ros_ws/src/ros2_wavemakers/install_fresh/wavemaker_interfaces/lib/python3.12/site-packages:${PYTHONPATH} /usr/bin/cmake --install /home/hydrolab-linux/ros_ws/src/ros2_wavemakers/build_fresh/wavemaker_controller
[26.701s] Level 1:colcon.colcon_core.environment:create_environment_scripts_only(wavemaker_controller)
[26.701s] Level 1:colcon.colcon_core.environment:checking '/home/hydrolab-linux/ros_ws/src/ros2_wavemakers/install_fresh/wavemaker_controller' for CMake module files
[26.701s] DEBUG:colcon.colcon_core.event_handler.log_command:Invoked command in '/home/hydrolab-linux/ros_ws/src/ros2_wavemakers/build_fresh/wavemaker_controller' returned '0': AMENT_PREFIX_PATH=/home/hydrolab-linux/ros_ws/src/ros2_wavemakers/install_fresh/wavemaker_interfaces:/home/hydrolab-linux/ros_ws/src/ros2_wavemakers/install_fresh/mgate5101_driver:${AMENT_PREFIX_PATH} CMAKE_PREFIX_PATH=/home/hydrolab-linux/ros_ws/src/ros2_wavemakers/install_fresh/wavemaker_interfaces:/home/hydrolab-linux/ros_ws/src/ros2_wavemakers/install_fresh/mgate5101_driver:/home/hydrolab-linux/ros_ws/install/wavemaker_bringup:/home/hydrolab-linux/ros_ws/install/wavemaker_controller:/home/hydrolab-linux/ros_ws/install/wavemaker_interfaces:/home/hydrolab-linux/ros_ws/install/my_robot_bringup:/home/hydrolab-linux/ros_ws/install/turtlesim_project_cpp:/home/hydrolab-linux/ros_ws/install/turtlebot_bringup:/home/hydrolab-linux/ros_ws/install/rpi_bringup:/home/hydrolab-linux/ros_ws/install/ros2_pca9685:/home/hydrolab-linux/ros_ws/install/qualisys_driver:/home/hydrolab-linux/ros_ws/install/my_cpp_pkg:/home/hydrolab-linux/ros_ws/install/lifecycle_cpp:/home/hydrolab-linux/ros_ws/install/final_project:/home/hydrolab-linux/ros_ws/install/actions_cpp:/home/hydrolab-linux/ros_ws/install/my_robot_interfaces:/home/hydrolab-linux/ros_ws/install/my_robot_description:/home/hydrolab-linux/ros_ws/install/cybership_mocap:/home/hydrolab-linux/ros_ws/install/mocap4r2_msgs:/home/hydrolab-linux/ros_ws/install/mgate5101_driver:/home/hydrolab-linux/ros_ws/install/executors_cpp:/home/hydrolab-linux/ros_ws/install/dynamixel_servo_ros:/home/hydrolab-linux/ros_ws/install/cybership_viz:/home/hydrolab-linux/ros_ws/install/cybership_utilities:/home/hydrolab-linux/ros_ws/install/cybership_thrusters:/home/hydrolab-linux/ros_ws/install/cybership_tests:/home/hydrolab-linux/ros_ws/install/cybership_teleop:/home/hydrolab-linux/ros_ws/install/cybership_simulator:/home/hydrolab-linux/ros_ws/install/cybership_observer:/home/hydrolab-linux/ros_ws/install/cybership_controller:/home/hydrolab-linux/ros_ws/install/cybership_interfaces:/home/hydrolab-linux/ros_ws/install/cybership_dp:/home/hydrolab-linux/ros_ws/install/cybership_description:/home/hydrolab-linux/ros_ws/install/cybership_config:/home/hydrolab-linux/ros_ws/install/cybership_bringup:/home/hydrolab-linux/ros_ws/install/components_cpp:/opt/ros/jazzy/opt/gz_sim_vendor:/opt/ros/jazzy/opt/gz_sensors_vendor:/opt/ros/jazzy/opt/gz_physics_vendor:/opt/ros/jazzy/opt/sdformat_vendor:/opt/ros/jazzy/opt/gz_gui_vendor:/opt/ros/jazzy/opt/gz_transport_vendor:/opt/ros/jazzy/opt/gz_rendering_vendor:/opt/ros/jazzy/opt/gz_plugin_vendor:/opt/ros/jazzy/opt/gz_fuel_tools_vendor:/opt/ros/jazzy/opt/gz_msgs_vendor:/opt/ros/jazzy/opt/gz_common_vendor:/opt/ros/jazzy/opt/gz_math_vendor:/opt/ros/jazzy/opt/gz_utils_vendor:/opt/ros/jazzy/opt/gz_tools_vendor:/opt/ros/jazzy/opt/gz_ogre_next_vendor:/opt/ros/jazzy/opt/gz_dartsim_vendor:/opt/ros/jazzy/opt/gz_cmake_vendor:/home/hydrolab-linux/ros_ws/install/turtlesim_gotta_catch_em_all:/home/hydrolab-linux/ros_ws/install/rpi_tests:/home/hydrolab-linux/ros_ws/install/rpi_linmot:/home/hydrolab-linux/ros_ws/install/rpi_arduino:/home/hydrolab-linux/ros_ws/install/my_py_pkg:/home/hydrolab-linux/ros_ws/install/move_robot:/home/hydrolab-linux/ros_ws/install/actions_py:/home/hydrolab-linux/ros_ws/install/lifecycle_py:/home/hydrolab-linux/ros_ws/install/joy_teleop_bridge:/home/hydrolab-linux/ros_ws/install/executors_py:/home/hydrolab-linux/ros_ws/install/components_py:/home/hydrolab-linux/ros_ws/install/bno055:/opt/ros/jazzy DEBUGINFOD_URLS=https://debuginfod.ubuntu.com LD_LIBRARY_PATH=/home/hydrolab-linux/ros_ws/src/ros2_wavemakers/install_fresh/wavemaker_interfaces/lib:/home/hydrolab-linux/ros_ws/src/ros2_wavemakers/install_fresh/mgate5101_driver/lib:${LD_LIBRARY_PATH} PYTHONPATH=/home/hydrolab-linux/ros_ws/src/ros2_wavemakers/install_fresh/wavemaker_interfaces/lib/python3.12/site-packages:${PYTHONPATH} /usr/bin/cmake --install /home/hydrolab-linux/ros_ws/src/ros2_wavemakers/build_fresh/wavemaker_controller
[26.701s] Level 1:colcon.colcon_core.environment:checking '/home/hydrolab-linux/ros_ws/src/ros2_wavemakers/install_fresh/wavemaker_controller' for CMake config files
[26.701s] Level 1:colcon.colcon_core.shell:create_environment_hook('wavemaker_controller', 'cmake_prefix_path')
[26.702s] INFO:colcon.colcon_core.shell:Creating environment hook '/home/hydrolab-linux/ros_ws/src/ros2_wavemakers/install_fresh/wavemaker_controller/share/wavemaker_controller/hook/cmake_prefix_path.ps1'
[26.702s] INFO:colcon.colcon_core.shell:Creating environment descriptor '/home/hydrolab-linux/ros_ws/src/ros2_wavemakers/install_fresh/wavemaker_controller/share/wavemaker_controller/hook/cmake_prefix_path.dsv'
[26.702s] INFO:colcon.colcon_core.shell:Creating environment hook '/home/hydrolab-linux/ros_ws/src/ros2_wavemakers/install_fresh/wavemaker_controller/share/wavemaker_controller/hook/cmake_prefix_path.sh'
[26.702s] Level 1:colcon.colcon_core.environment:checking '/home/hydrolab-linux/ros_ws/src/ros2_wavemakers/install_fresh/wavemaker_controller/lib'
[26.702s] Level 1:colcon.colcon_core.environment:checking '/home/hydrolab-linux/ros_ws/src/ros2_wavemakers/install_fresh/wavemaker_controller/bin'
[26.702s] Level 1:colcon.colcon_core.environment:checking '/home/hydrolab-linux/ros_ws/src/ros2_wavemakers/install_fresh/wavemaker_controller/lib/pkgconfig/wavemaker_controller.pc'
[26.702s] Level 1:colcon.colcon_core.environment:checking '/home/hydrolab-linux/ros_ws/src/ros2_wavemakers/install_fresh/wavemaker_controller/lib/python3.12/site-packages'
[26.703s] Level 1:colcon.colcon_core.environment:checking '/home/hydrolab-linux/ros_ws/src/ros2_wavemakers/install_fresh/wavemaker_controller/bin'
[26.703s] INFO:colcon.colcon_core.shell:Creating package script '/home/hydrolab-linux/ros_ws/src/ros2_wavemakers/install_fresh/wavemaker_controller/share/wavemaker_controller/package.ps1'
[26.703s] INFO:colcon.colcon_core.shell:Creating package descriptor '/home/hydrolab-linux/ros_ws/src/ros2_wavemakers/install_fresh/wavemaker_controller/share/wavemaker_controller/package.dsv'
[26.703s] INFO:colcon.colcon_core.shell:Creating package script '/home/hydrolab-linux/ros_ws/src/ros2_wavemakers/install_fresh/wavemaker_controller/share/wavemaker_controller/package.sh'
[26.703s] INFO:colcon.colcon_core.shell:Creating package script '/home/hydrolab-linux/ros_ws/src/ros2_wavemakers/install_fresh/wavemaker_controller/share/wavemaker_controller/package.bash'
[26.704s] INFO:colcon.colcon_core.shell:Creating package script '/home/hydrolab-linux/ros_ws/src/ros2_wavemakers/install_fresh/wavemaker_controller/share/wavemaker_controller/package.zsh'
[26.704s] Level 1:colcon.colcon_core.environment:create_file_with_runtime_dependencies(/home/hydrolab-linux/ros_ws/src/ros2_wavemakers/install_fresh/wavemaker_controller/share/colcon-core/packages/wavemaker_controller)
[26.704s] Level 1:colcon.colcon_core.environment:create_environment_scripts_only(wavemaker_controller)
[26.704s] Level 1:colcon.colcon_core.environment:checking '/home/hydrolab-linux/ros_ws/src/ros2_wavemakers/install_fresh/wavemaker_controller' for CMake module files
[26.704s] Level 1:colcon.colcon_core.environment:checking '/home/hydrolab-linux/ros_ws/src/ros2_wavemakers/install_fresh/wavemaker_controller' for CMake config files
[26.704s] Level 1:colcon.colcon_core.shell:create_environment_hook('wavemaker_controller', 'cmake_prefix_path')
[26.704s] INFO:colcon.colcon_core.shell:Creating environment hook '/home/hydrolab-linux/ros_ws/src/ros2_wavemakers/install_fresh/wavemaker_controller/share/wavemaker_controller/hook/cmake_prefix_path.ps1'
[26.705s] INFO:colcon.colcon_core.shell:Creating environment descriptor '/home/hydrolab-linux/ros_ws/src/ros2_wavemakers/install_fresh/wavemaker_controller/share/wavemaker_controller/hook/cmake_prefix_path.dsv'
[26.705s] INFO:colcon.colcon_core.shell:Creating environment hook '/home/hydrolab-linux/ros_ws/src/ros2_wavemakers/install_fresh/wavemaker_controller/share/wavemaker_controller/hook/cmake_prefix_path.sh'
[26.705s] Level 1:colcon.colcon_core.environment:checking '/home/hydrolab-linux/ros_ws/src/ros2_wavemakers/install_fresh/wavemaker_controller/lib'
[26.705s] Level 1:colcon.colcon_core.environment:checking '/home/hydrolab-linux/ros_ws/src/ros2_wavemakers/install_fresh/wavemaker_controller/bin'
[26.705s] Level 1:colcon.colcon_core.environment:checking '/home/hydrolab-linux/ros_ws/src/ros2_wavemakers/install_fresh/wavemaker_controller/lib/pkgconfig/wavemaker_controller.pc'
[26.705s] Level 1:colcon.colcon_core.environment:checking '/home/hydrolab-linux/ros_ws/src/ros2_wavemakers/install_fresh/wavemaker_controller/lib/python3.12/site-packages'
[26.705s] Level 1:colcon.colcon_core.environment:checking '/home/hydrolab-linux/ros_ws/src/ros2_wavemakers/install_fresh/wavemaker_controller/bin'
[26.706s] INFO:colcon.colcon_core.shell:Creating package script '/home/hydrolab-linux/ros_ws/src/ros2_wavemakers/install_fresh/wavemaker_controller/share/wavemaker_controller/package.ps1'
[26.706s] INFO:colcon.colcon_core.shell:Creating package descriptor '/home/hydrolab-linux/ros_ws/src/ros2_wavemakers/install_fresh/wavemaker_controller/share/wavemaker_controller/package.dsv'
[26.706s] INFO:colcon.colcon_core.shell:Creating package script '/home/hydrolab-linux/ros_ws/src/ros2_wavemakers/install_fresh/wavemaker_controller/share/wavemaker_controller/package.sh'
[26.706s] INFO:colcon.colcon_core.shell:Creating package script '/home/hydrolab-linux/ros_ws/src/ros2_wavemakers/install_fresh/wavemaker_controller/share/wavemaker_controller/package.bash'
[26.706s] INFO:colcon.colcon_core.shell:Creating package script '/home/hydrolab-linux/ros_ws/src/ros2_wavemakers/install_fresh/wavemaker_controller/share/wavemaker_controller/package.zsh'
[26.707s] Level 1:colcon.colcon_core.environment:create_file_with_runtime_dependencies(/home/hydrolab-linux/ros_ws/src/ros2_wavemakers/install_fresh/wavemaker_controller/share/colcon-core/packages/wavemaker_controller)
[26.707s] INFO:colcon.colcon_ros.task.ament_cmake.build:Building ROS package in '/home/hydrolab-linux/ros_ws/src/ros2_wavemakers/wavemaker_bringup' with build type 'ament_cmake'
[26.707s] INFO:colcon.colcon_cmake.task.cmake.build:Building CMake package in '/home/hydrolab-linux/ros_ws/src/ros2_wavemakers/wavemaker_bringup'
[26.707s] INFO:colcon.colcon_core.shell:Skip shell extension 'powershell' for command environment: Not usable outside of PowerShell
[26.707s] DEBUG:colcon.colcon_core.shell:Skip shell extension 'dsv' for command environment
[26.720s] DEBUG:colcon.colcon_core.event_handler.log_command:Invoking command in '/home/hydrolab-linux/ros_ws/src/ros2_wavemakers/build_fresh/wavemaker_bringup': AMENT_PREFIX_PATH=/home/hydrolab-linux/ros_ws/src/ros2_wavemakers/install_fresh/wavemaker_controller:/home/hydrolab-linux/ros_ws/src/ros2_wavemakers/install_fresh/wavemaker_interfaces:/home/hydrolab-linux/ros_ws/src/ros2_wavemakers/install_fresh/mgate5101_driver:${AMENT_PREFIX_PATH} CMAKE_PREFIX_PATH=/home/hydrolab-linux/ros_ws/src/ros2_wavemakers/install_fresh/wavemaker_controller:/home/hydrolab-linux/ros_ws/src/ros2_wavemakers/install_fresh/wavemaker_interfaces:/home/hydrolab-linux/ros_ws/src/ros2_wavemakers/install_fresh/mgate5101_driver:/home/hydrolab-linux/ros_ws/install/wavemaker_bringup:/home/hydrolab-linux/ros_ws/install/wavemaker_controller:/home/hydrolab-linux/ros_ws/install/wavemaker_interfaces:/home/hydrolab-linux/ros_ws/install/my_robot_bringup:/home/hydrolab-linux/ros_ws/install/turtlesim_project_cpp:/home/hydrolab-linux/ros_ws/install/turtlebot_bringup:/home/hydrolab-linux/ros_ws/install/rpi_bringup:/home/hydrolab-linux/ros_ws/install/ros2_pca9685:/home/hydrolab-linux/ros_ws/install/qualisys_driver:/home/hydrolab-linux/ros_ws/install/my_cpp_pkg:/home/hydrolab-linux/ros_ws/install/lifecycle_cpp:/home/hydrolab-linux/ros_ws/install/final_project:/home/hydrolab-linux/ros_ws/install/actions_cpp:/home/hydrolab-linux/ros_ws/install/my_robot_interfaces:/home/hydrolab-linux/ros_ws/install/my_robot_description:/home/hydrolab-linux/ros_ws/install/cybership_mocap:/home/hydrolab-linux/ros_ws/install/mocap4r2_msgs:/home/hydrolab-linux/ros_ws/install/mgate5101_driver:/home/hydrolab-linux/ros_ws/install/executors_cpp:/home/hydrolab-linux/ros_ws/install/dynamixel_servo_ros:/home/hydrolab-linux/ros_ws/install/cybership_viz:/home/hydrolab-linux/ros_ws/install/cybership_utilities:/home/hydrolab-linux/ros_ws/install/cybership_thrusters:/home/hydrolab-linux/ros_ws/install/cybership_tests:/home/hydrolab-linux/ros_ws/install/cybership_teleop:/home/hydrolab-linux/ros_ws/install/cybership_simulator:/home/hydrolab-linux/ros_ws/install/cybership_observer:/home/hydrolab-linux/ros_ws/install/cybership_controller:/home/hydrolab-linux/ros_ws/install/cybership_interfaces:/home/hydrolab-linux/ros_ws/install/cybership_dp:/home/hydrolab-linux/ros_ws/install/cybership_description:/home/hydrolab-linux/ros_ws/install/cybership_config:/home/hydrolab-linux/ros_ws/install/cybership_bringup:/home/hydrolab-linux/ros_ws/install/components_cpp:/opt/ros/jazzy/opt/gz_sim_vendor:/opt/ros/jazzy/opt/gz_sensors_vendor:/opt/ros/jazzy/opt/gz_physics_vendor:/opt/ros/jazzy/opt/sdformat_vendor:/opt/ros/jazzy/opt/gz_gui_vendor:/opt/ros/jazzy/opt/gz_transport_vendor:/opt/ros/jazzy/opt/gz_rendering_vendor:/opt/ros/jazzy/opt/gz_plugin_vendor:/opt/ros/jazzy/opt/gz_fuel_tools_vendor:/opt/ros/jazzy/opt/gz_msgs_vendor:/opt/ros/jazzy/opt/gz_common_vendor:/opt/ros/jazzy/opt/gz_math_vendor:/opt/ros/jazzy/opt/gz_utils_vendor:/opt/ros/jazzy/opt/gz_tools_vendor:/opt/ros/jazzy/opt/gz_ogre_next_vendor:/opt/ros/jazzy/opt/gz_dartsim_vendor:/opt/ros/jazzy/opt/gz_cmake_vendor:/home/hydrolab-linux/ros_ws/install/turtlesim_gotta_catch_em_all:/home/hydrolab-linux/ros_ws/install/rpi_tests:/home/hydrolab-linux/ros_ws/install/rpi_linmot:/home/hydrolab-linux/ros_ws/install/rpi_arduino:/home/hydrolab-linux/ros_ws/install/my_py_pkg:/home/hydrolab-linux/ros_ws/install/move_robot:/home/hydrolab-linux/ros_ws/install/actions_py:/home/hydrolab-linux/ros_ws/install/lifecycle_py:/home/hydrolab-linux/ros_ws/install/joy_teleop_bridge:/home/hydrolab-linux/ros_ws/install/executors_py:/home/hydrolab-linux/ros_ws/install/components_py:/home/hydrolab-linux/ros_ws/install/bno055:/opt/ros/jazzy DEBUGINFOD_URLS=https://debuginfod.ubuntu.com LD_LIBRARY_PATH=/home/hydrolab-linux/ros_ws/src/ros2_wavemakers/install_fresh/wavemaker_interfaces/lib:/home/hydrolab-linux/ros_ws/src/ros2_wavemakers/install_fresh/mgate5101_driver/lib:${LD_LIBRARY_PATH} PYTHONPATH=/home/hydrolab-linux/ros_ws/src/ros2_wavemakers/install_fresh/wavemaker_interfaces/lib/python3.12/site-packages:${PYTHONPATH} /usr/bin/cmake /home/hydrolab-linux/ros_ws/src/ros2_wavemakers/wavemaker_bringup -DCMAKE_BUILD_TYPE=RelWithDebInfo -DAMENT_CMAKE_SYMLINK_INSTALL=1 -DCMAKE_INSTALL_PREFIX=/home/hydrolab-linux/ros_ws/src/ros2_wavemakers/install_fresh/wavemaker_bringup
[27.319s] DEBUG:colcon.colcon_core.event_handler.log_command:Invoked command in '/home/hydrolab-linux/ros_ws/src/ros2_wavemakers/build_fresh/wavemaker_bringup' returned '0': AMENT_PREFIX_PATH=/home/hydrolab-linux/ros_ws/src/ros2_wavemakers/install_fresh/wavemaker_controller:/home/hydrolab-linux/ros_ws/src/ros2_wavemakers/install_fresh/wavemaker_interfaces:/home/hydrolab-linux/ros_ws/src/ros2_wavemakers/install_fresh/mgate5101_driver:${AMENT_PREFIX_PATH} CMAKE_PREFIX_PATH=/home/hydrolab-linux/ros_ws/src/ros2_wavemakers/install_fresh/wavemaker_controller:/home/hydrolab-linux/ros_ws/src/ros2_wavemakers/install_fresh/wavemaker_interfaces:/home/hydrolab-linux/ros_ws/src/ros2_wavemakers/install_fresh/mgate5101_driver:/home/hydrolab-linux/ros_ws/install/wavemaker_bringup:/home/hydrolab-linux/ros_ws/install/wavemaker_controller:/home/hydrolab-linux/ros_ws/install/wavemaker_interfaces:/home/hydrolab-linux/ros_ws/install/my_robot_bringup:/home/hydrolab-linux/ros_ws/install/turtlesim_project_cpp:/home/hydrolab-linux/ros_ws/install/turtlebot_bringup:/home/hydrolab-linux/ros_ws/install/rpi_bringup:/home/hydrolab-linux/ros_ws/install/ros2_pca9685:/home/hydrolab-linux/ros_ws/install/qualisys_driver:/home/hydrolab-linux/ros_ws/install/my_cpp_pkg:/home/hydrolab-linux/ros_ws/install/lifecycle_cpp:/home/hydrolab-linux/ros_ws/install/final_project:/home/hydrolab-linux/ros_ws/install/actions_cpp:/home/hydrolab-linux/ros_ws/install/my_robot_interfaces:/home/hydrolab-linux/ros_ws/install/my_robot_description:/home/hydrolab-linux/ros_ws/install/cybership_mocap:/home/hydrolab-linux/ros_ws/install/mocap4r2_msgs:/home/hydrolab-linux/ros_ws/install/mgate5101_driver:/home/hydrolab-linux/ros_ws/install/executors_cpp:/home/hydrolab-linux/ros_ws/install/dynamixel_servo_ros:/home/hydrolab-linux/ros_ws/install/cybership_viz:/home/hydrolab-linux/ros_ws/install/cybership_utilities:/home/hydrolab-linux/ros_ws/install/cybership_thrusters:/home/hydrolab-linux/ros_ws/install/cybership_tests:/home/hydrolab-linux/ros_ws/install/cybership_teleop:/home/hydrolab-linux/ros_ws/install/cybership_simulator:/home/hydrolab-linux/ros_ws/install/cybership_observer:/home/hydrolab-linux/ros_ws/install/cybership_controller:/home/hydrolab-linux/ros_ws/install/cybership_interfaces:/home/hydrolab-linux/ros_ws/install/cybership_dp:/home/hydrolab-linux/ros_ws/install/cybership_description:/home/hydrolab-linux/ros_ws/install/cybership_config:/home/hydrolab-linux/ros_ws/install/cybership_bringup:/home/hydrolab-linux/ros_ws/install/components_cpp:/opt/ros/jazzy/opt/gz_sim_vendor:/opt/ros/jazzy/opt/gz_sensors_vendor:/opt/ros/jazzy/opt/gz_physics_vendor:/opt/ros/jazzy/opt/sdformat_vendor:/opt/ros/jazzy/opt/gz_gui_vendor:/opt/ros/jazzy/opt/gz_transport_vendor:/opt/ros/jazzy/opt/gz_rendering_vendor:/opt/ros/jazzy/opt/gz_plugin_vendor:/opt/ros/jazzy/opt/gz_fuel_tools_vendor:/opt/ros/jazzy/opt/gz_msgs_vendor:/opt/ros/jazzy/opt/gz_common_vendor:/opt/ros/jazzy/opt/gz_math_vendor:/opt/ros/jazzy/opt/gz_utils_vendor:/opt/ros/jazzy/opt/gz_tools_vendor:/opt/ros/jazzy/opt/gz_ogre_next_vendor:/opt/ros/jazzy/opt/gz_dartsim_vendor:/opt/ros/jazzy/opt/gz_cmake_vendor:/home/hydrolab-linux/ros_ws/install/turtlesim_gotta_catch_em_all:/home/hydrolab-linux/ros_ws/install/rpi_tests:/home/hydrolab-linux/ros_ws/install/rpi_linmot:/home/hydrolab-linux/ros_ws/install/rpi_arduino:/home/hydrolab-linux/ros_ws/install/my_py_pkg:/home/hydrolab-linux/ros_ws/install/move_robot:/home/hydrolab-linux/ros_ws/install/actions_py:/home/hydrolab-linux/ros_ws/install/lifecycle_py:/home/hydrolab-linux/ros_ws/install/joy_teleop_bridge:/home/hydrolab-linux/ros_ws/install/executors_py:/home/hydrolab-linux/ros_ws/install/components_py:/home/hydrolab-linux/ros_ws/install/bno055:/opt/ros/jazzy DEBUGINFOD_URLS=https://debuginfod.ubuntu.com LD_LIBRARY_PATH=/home/hydrolab-linux/ros_ws/src/ros2_wavemakers/install_fresh/wavemaker_interfaces/lib:/home/hydrolab-linux/ros_ws/src/ros2_wavemakers/install_fresh/mgate5101_driver/lib:${LD_LIBRARY_PATH} PYTHONPATH=/home/hydrolab-linux/ros_ws/src/ros2_wavemakers/install_fresh/wavemaker_interfaces/lib/python3.12/site-packages:${PYTHONPATH} /usr/bin/cmake /home/hydrolab-linux/ros_ws/src/ros2_wavemakers/wavemaker_bringup -DCMAKE_BUILD_TYPE=RelWithDebInfo -DAMENT_CMAKE_SYMLINK_INSTALL=1 -DCMAKE_INSTALL_PREFIX=/home/hydrolab-linux/ros_ws/src/ros2_wavemakers/install_fresh/wavemaker_bringup
[27.319s] DEBUG:colcon.colcon_core.event_handler.log_command:Invoking command in '/home/hydrolab-linux/ros_ws/src/ros2_wavemakers/build_fresh/wavemaker_bringup': AMENT_PREFIX_PATH=/home/hydrolab-linux/ros_ws/src/ros2_wavemakers/install_fresh/wavemaker_controller:/home/hydrolab-linux/ros_ws/src/ros2_wavemakers/install_fresh/wavemaker_interfaces:/home/hydrolab-linux/ros_ws/src/ros2_wavemakers/install_fresh/mgate5101_driver:${AMENT_PREFIX_PATH} CMAKE_PREFIX_PATH=/home/hydrolab-linux/ros_ws/src/ros2_wavemakers/install_fresh/wavemaker_controller:/home/hydrolab-linux/ros_ws/src/ros2_wavemakers/install_fresh/wavemaker_interfaces:/home/hydrolab-linux/ros_ws/src/ros2_wavemakers/install_fresh/mgate5101_driver:/home/hydrolab-linux/ros_ws/install/wavemaker_bringup:/home/hydrolab-linux/ros_ws/install/wavemaker_controller:/home/hydrolab-linux/ros_ws/install/wavemaker_interfaces:/home/hydrolab-linux/ros_ws/install/my_robot_bringup:/home/hydrolab-linux/ros_ws/install/turtlesim_project_cpp:/home/hydrolab-linux/ros_ws/install/turtlebot_bringup:/home/hydrolab-linux/ros_ws/install/rpi_bringup:/home/hydrolab-linux/ros_ws/install/ros2_pca9685:/home/hydrolab-linux/ros_ws/install/qualisys_driver:/home/hydrolab-linux/ros_ws/install/my_cpp_pkg:/home/hydrolab-linux/ros_ws/install/lifecycle_cpp:/home/hydrolab-linux/ros_ws/install/final_project:/home/hydrolab-linux/ros_ws/install/actions_cpp:/home/hydrolab-linux/ros_ws/install/my_robot_interfaces:/home/hydrolab-linux/ros_ws/install/my_robot_description:/home/hydrolab-linux/ros_ws/install/cybership_mocap:/home/hydrolab-linux/ros_ws/install/mocap4r2_msgs:/home/hydrolab-linux/ros_ws/install/mgate5101_driver:/home/hydrolab-linux/ros_ws/install/executors_cpp:/home/hydrolab-linux/ros_ws/install/dynamixel_servo_ros:/home/hydrolab-linux/ros_ws/install/cybership_viz:/home/hydrolab-linux/ros_ws/install/cybership_utilities:/home/hydrolab-linux/ros_ws/install/cybership_thrusters:/home/hydrolab-linux/ros_ws/install/cybership_tests:/home/hydrolab-linux/ros_ws/install/cybership_teleop:/home/hydrolab-linux/ros_ws/install/cybership_simulator:/home/hydrolab-linux/ros_ws/install/cybership_observer:/home/hydrolab-linux/ros_ws/install/cybership_controller:/home/hydrolab-linux/ros_ws/install/cybership_interfaces:/home/hydrolab-linux/ros_ws/install/cybership_dp:/home/hydrolab-linux/ros_ws/install/cybership_description:/home/hydrolab-linux/ros_ws/install/cybership_config:/home/hydrolab-linux/ros_ws/install/cybership_bringup:/home/hydrolab-linux/ros_ws/install/components_cpp:/opt/ros/jazzy/opt/gz_sim_vendor:/opt/ros/jazzy/opt/gz_sensors_vendor:/opt/ros/jazzy/opt/gz_physics_vendor:/opt/ros/jazzy/opt/sdformat_vendor:/opt/ros/jazzy/opt/gz_gui_vendor:/opt/ros/jazzy/opt/gz_transport_vendor:/opt/ros/jazzy/opt/gz_rendering_vendor:/opt/ros/jazzy/opt/gz_plugin_vendor:/opt/ros/jazzy/opt/gz_fuel_tools_vendor:/opt/ros/jazzy/opt/gz_msgs_vendor:/opt/ros/jazzy/opt/gz_common_vendor:/opt/ros/jazzy/opt/gz_math_vendor:/opt/ros/jazzy/opt/gz_utils_vendor:/opt/ros/jazzy/opt/gz_tools_vendor:/opt/ros/jazzy/opt/gz_ogre_next_vendor:/opt/ros/jazzy/opt/gz_dartsim_vendor:/opt/ros/jazzy/opt/gz_cmake_vendor:/home/hydrolab-linux/ros_ws/install/turtlesim_gotta_catch_em_all:/home/hydrolab-linux/ros_ws/install/rpi_tests:/home/hydrolab-linux/ros_ws/install/rpi_linmot:/home/hydrolab-linux/ros_ws/install/rpi_arduino:/home/hydrolab-linux/ros_ws/install/my_py_pkg:/home/hydrolab-linux/ros_ws/install/move_robot:/home/hydrolab-linux/ros_ws/install/actions_py:/home/hydrolab-linux/ros_ws/install/lifecycle_py:/home/hydrolab-linux/ros_ws/install/joy_teleop_bridge:/home/hydrolab-linux/ros_ws/install/executors_py:/home/hydrolab-linux/ros_ws/install/components_py:/home/hydrolab-linux/ros_ws/install/bno055:/opt/ros/jazzy DEBUGINFOD_URLS=https://debuginfod.ubuntu.com LD_LIBRARY_PATH=/home/hydrolab-linux/ros_ws/src/ros2_wavemakers/install_fresh/wavemaker_interfaces/lib:/home/hydrolab-linux/ros_ws/src/ros2_wavemakers/install_fresh/mgate5101_driver/lib:${LD_LIBRARY_PATH} PYTHONPATH=/home/hydrolab-linux/ros_ws/src/ros2_wavemakers/install_fresh/wavemaker_interfaces/lib/python3.12/site-packages:${PYTHONPATH} /usr/bin/cmake --build /home/hydrolab-linux/ros_ws/src/ros2_wavemakers/build_fresh/wavemaker_bringup -- -j20 -l20
[27.354s] DEBUG:colcon.colcon_core.event_handler.log_command:Invoked command in '/home/hydrolab-linux/ros_ws/src/ros2_wavemakers/build_fresh/wavemaker_bringup' returned '0': AMENT_PREFIX_PATH=/home/hydrolab-linux/ros_ws/src/ros2_wavemakers/install_fresh/wavemaker_controller:/home/hydrolab-linux/ros_ws/src/ros2_wavemakers/install_fresh/wavemaker_interfaces:/home/hydrolab-linux/ros_ws/src/ros2_wavemakers/install_fresh/mgate5101_driver:${AMENT_PREFIX_PATH} CMAKE_PREFIX_PATH=/home/hydrolab-linux/ros_ws/src/ros2_wavemakers/install_fresh/wavemaker_controller:/home/hydrolab-linux/ros_ws/src/ros2_wavemakers/install_fresh/wavemaker_interfaces:/home/hydrolab-linux/ros_ws/src/ros2_wavemakers/install_fresh/mgate5101_driver:/home/hydrolab-linux/ros_ws/install/wavemaker_bringup:/home/hydrolab-linux/ros_ws/install/wavemaker_controller:/home/hydrolab-linux/ros_ws/install/wavemaker_interfaces:/home/hydrolab-linux/ros_ws/install/my_robot_bringup:/home/hydrolab-linux/ros_ws/install/turtlesim_project_cpp:/home/hydrolab-linux/ros_ws/install/turtlebot_bringup:/home/hydrolab-linux/ros_ws/install/rpi_bringup:/home/hydrolab-linux/ros_ws/install/ros2_pca9685:/home/hydrolab-linux/ros_ws/install/qualisys_driver:/home/hydrolab-linux/ros_ws/install/my_cpp_pkg:/home/hydrolab-linux/ros_ws/install/lifecycle_cpp:/home/hydrolab-linux/ros_ws/install/final_project:/home/hydrolab-linux/ros_ws/install/actions_cpp:/home/hydrolab-linux/ros_ws/install/my_robot_interfaces:/home/hydrolab-linux/ros_ws/install/my_robot_description:/home/hydrolab-linux/ros_ws/install/cybership_mocap:/home/hydrolab-linux/ros_ws/install/mocap4r2_msgs:/home/hydrolab-linux/ros_ws/install/mgate5101_driver:/home/hydrolab-linux/ros_ws/install/executors_cpp:/home/hydrolab-linux/ros_ws/install/dynamixel_servo_ros:/home/hydrolab-linux/ros_ws/install/cybership_viz:/home/hydrolab-linux/ros_ws/install/cybership_utilities:/home/hydrolab-linux/ros_ws/install/cybership_thrusters:/home/hydrolab-linux/ros_ws/install/cybership_tests:/home/hydrolab-linux/ros_ws/install/cybership_teleop:/home/hydrolab-linux/ros_ws/install/cybership_simulator:/home/hydrolab-linux/ros_ws/install/cybership_observer:/home/hydrolab-linux/ros_ws/install/cybership_controller:/home/hydrolab-linux/ros_ws/install/cybership_interfaces:/home/hydrolab-linux/ros_ws/install/cybership_dp:/home/hydrolab-linux/ros_ws/install/cybership_description:/home/hydrolab-linux/ros_ws/install/cybership_config:/home/hydrolab-linux/ros_ws/install/cybership_bringup:/home/hydrolab-linux/ros_ws/install/components_cpp:/opt/ros/jazzy/opt/gz_sim_vendor:/opt/ros/jazzy/opt/gz_sensors_vendor:/opt/ros/jazzy/opt/gz_physics_vendor:/opt/ros/jazzy/opt/sdformat_vendor:/opt/ros/jazzy/opt/gz_gui_vendor:/opt/ros/jazzy/opt/gz_transport_vendor:/opt/ros/jazzy/opt/gz_rendering_vendor:/opt/ros/jazzy/opt/gz_plugin_vendor:/opt/ros/jazzy/opt/gz_fuel_tools_vendor:/opt/ros/jazzy/opt/gz_msgs_vendor:/opt/ros/jazzy/opt/gz_common_vendor:/opt/ros/jazzy/opt/gz_math_vendor:/opt/ros/jazzy/opt/gz_utils_vendor:/opt/ros/jazzy/opt/gz_tools_vendor:/opt/ros/jazzy/opt/gz_ogre_next_vendor:/opt/ros/jazzy/opt/gz_dartsim_vendor:/opt/ros/jazzy/opt/gz_cmake_vendor:/home/hydrolab-linux/ros_ws/install/turtlesim_gotta_catch_em_all:/home/hydrolab-linux/ros_ws/install/rpi_tests:/home/hydrolab-linux/ros_ws/install/rpi_linmot:/home/hydrolab-linux/ros_ws/install/rpi_arduino:/home/hydrolab-linux/ros_ws/install/my_py_pkg:/home/hydrolab-linux/ros_ws/install/move_robot:/home/hydrolab-linux/ros_ws/install/actions_py:/home/hydrolab-linux/ros_ws/install/lifecycle_py:/home/hydrolab-linux/ros_ws/install/joy_teleop_bridge:/home/hydrolab-linux/ros_ws/install/executors_py:/home/hydrolab-linux/ros_ws/install/components_py:/home/hydrolab-linux/ros_ws/install/bno055:/opt/ros/jazzy DEBUGINFOD_URLS=https://debuginfod.ubuntu.com LD_LIBRARY_PATH=/home/hydrolab-linux/ros_ws/src/ros2_wavemakers/install_fresh/wavemaker_interfaces/lib:/home/hydrolab-linux/ros_ws/src/ros2_wavemakers/install_fresh/mgate5101_driver/lib:${LD_LIBRARY_PATH} PYTHONPATH=/home/hydrolab-linux/ros_ws/src/ros2_wavemakers/install_fresh/wavemaker_interfaces/lib/python3.12/site-packages:${PYTHONPATH} /usr/bin/cmake --build /home/hydrolab-linux/ros_ws/src/ros2_wavemakers/build_fresh/wavemaker_bringup -- -j20 -l20
[27.355s] DEBUG:colcon.colcon_core.event_handler.log_command:Invoking command in '/home/hydrolab-linux/ros_ws/src/ros2_wavemakers/build_fresh/wavemaker_bringup': AMENT_PREFIX_PATH=/home/hydrolab-linux/ros_ws/src/ros2_wavemakers/install_fresh/wavemaker_controller:/home/hydrolab-linux/ros_ws/src/ros2_wavemakers/install_fresh/wavemaker_interfaces:/home/hydrolab-linux/ros_ws/src/ros2_wavemakers/install_fresh/mgate5101_driver:${AMENT_PREFIX_PATH} CMAKE_PREFIX_PATH=/home/hydrolab-linux/ros_ws/src/ros2_wavemakers/install_fresh/wavemaker_controller:/home/hydrolab-linux/ros_ws/src/ros2_wavemakers/install_fresh/wavemaker_interfaces:/home/hydrolab-linux/ros_ws/src/ros2_wavemakers/install_fresh/mgate5101_driver:/home/hydrolab-linux/ros_ws/install/wavemaker_bringup:/home/hydrolab-linux/ros_ws/install/wavemaker_controller:/home/hydrolab-linux/ros_ws/install/wavemaker_interfaces:/home/hydrolab-linux/ros_ws/install/my_robot_bringup:/home/hydrolab-linux/ros_ws/install/turtlesim_project_cpp:/home/hydrolab-linux/ros_ws/install/turtlebot_bringup:/home/hydrolab-linux/ros_ws/install/rpi_bringup:/home/hydrolab-linux/ros_ws/install/ros2_pca9685:/home/hydrolab-linux/ros_ws/install/qualisys_driver:/home/hydrolab-linux/ros_ws/install/my_cpp_pkg:/home/hydrolab-linux/ros_ws/install/lifecycle_cpp:/home/hydrolab-linux/ros_ws/install/final_project:/home/hydrolab-linux/ros_ws/install/actions_cpp:/home/hydrolab-linux/ros_ws/install/my_robot_interfaces:/home/hydrolab-linux/ros_ws/install/my_robot_description:/home/hydrolab-linux/ros_ws/install/cybership_mocap:/home/hydrolab-linux/ros_ws/install/mocap4r2_msgs:/home/hydrolab-linux/ros_ws/install/mgate5101_driver:/home/hydrolab-linux/ros_ws/install/executors_cpp:/home/hydrolab-linux/ros_ws/install/dynamixel_servo_ros:/home/hydrolab-linux/ros_ws/install/cybership_viz:/home/hydrolab-linux/ros_ws/install/cybership_utilities:/home/hydrolab-linux/ros_ws/install/cybership_thrusters:/home/hydrolab-linux/ros_ws/install/cybership_tests:/home/hydrolab-linux/ros_ws/install/cybership_teleop:/home/hydrolab-linux/ros_ws/install/cybership_simulator:/home/hydrolab-linux/ros_ws/install/cybership_observer:/home/hydrolab-linux/ros_ws/install/cybership_controller:/home/hydrolab-linux/ros_ws/install/cybership_interfaces:/home/hydrolab-linux/ros_ws/install/cybership_dp:/home/hydrolab-linux/ros_ws/install/cybership_description:/home/hydrolab-linux/ros_ws/install/cybership_config:/home/hydrolab-linux/ros_ws/install/cybership_bringup:/home/hydrolab-linux/ros_ws/install/components_cpp:/opt/ros/jazzy/opt/gz_sim_vendor:/opt/ros/jazzy/opt/gz_sensors_vendor:/opt/ros/jazzy/opt/gz_physics_vendor:/opt/ros/jazzy/opt/sdformat_vendor:/opt/ros/jazzy/opt/gz_gui_vendor:/opt/ros/jazzy/opt/gz_transport_vendor:/opt/ros/jazzy/opt/gz_rendering_vendor:/opt/ros/jazzy/opt/gz_plugin_vendor:/opt/ros/jazzy/opt/gz_fuel_tools_vendor:/opt/ros/jazzy/opt/gz_msgs_vendor:/opt/ros/jazzy/opt/gz_common_vendor:/opt/ros/jazzy/opt/gz_math_vendor:/opt/ros/jazzy/opt/gz_utils_vendor:/opt/ros/jazzy/opt/gz_tools_vendor:/opt/ros/jazzy/opt/gz_ogre_next_vendor:/opt/ros/jazzy/opt/gz_dartsim_vendor:/opt/ros/jazzy/opt/gz_cmake_vendor:/home/hydrolab-linux/ros_ws/install/turtlesim_gotta_catch_em_all:/home/hydrolab-linux/ros_ws/install/rpi_tests:/home/hydrolab-linux/ros_ws/install/rpi_linmot:/home/hydrolab-linux/ros_ws/install/rpi_arduino:/home/hydrolab-linux/ros_ws/install/my_py_pkg:/home/hydrolab-linux/ros_ws/install/move_robot:/home/hydrolab-linux/ros_ws/install/actions_py:/home/hydrolab-linux/ros_ws/install/lifecycle_py:/home/hydrolab-linux/ros_ws/install/joy_teleop_bridge:/home/hydrolab-linux/ros_ws/install/executors_py:/home/hydrolab-linux/ros_ws/install/components_py:/home/hydrolab-linux/ros_ws/install/bno055:/opt/ros/jazzy DEBUGINFOD_URLS=https://debuginfod.ubuntu.com LD_LIBRARY_PATH=/home/hydrolab-linux/ros_ws/src/ros2_wavemakers/install_fresh/wavemaker_interfaces/lib:/home/hydrolab-linux/ros_ws/src/ros2_wavemakers/install_fresh/mgate5101_driver/lib:${LD_LIBRARY_PATH} PYTHONPATH=/home/hydrolab-linux/ros_ws/src/ros2_wavemakers/install_fresh/wavemaker_interfaces/lib/python3.12/site-packages:${PYTHONPATH} /usr/bin/cmake --install /home/hydrolab-linux/ros_ws/src/ros2_wavemakers/build_fresh/wavemaker_bringup
[27.576s] Level 1:colcon.colcon_core.environment:create_environment_scripts_only(wavemaker_bringup)
[27.576s] Level 1:colcon.colcon_core.environment:checking '/home/hydrolab-linux/ros_ws/src/ros2_wavemakers/install_fresh/wavemaker_bringup' for CMake module files
[27.576s] DEBUG:colcon.colcon_core.event_handler.log_command:Invoked command in '/home/hydrolab-linux/ros_ws/src/ros2_wavemakers/build_fresh/wavemaker_bringup' returned '0': AMENT_PREFIX_PATH=/home/hydrolab-linux/ros_ws/src/ros2_wavemakers/install_fresh/wavemaker_controller:/home/hydrolab-linux/ros_ws/src/ros2_wavemakers/install_fresh/wavemaker_interfaces:/home/hydrolab-linux/ros_ws/src/ros2_wavemakers/install_fresh/mgate5101_driver:${AMENT_PREFIX_PATH} CMAKE_PREFIX_PATH=/home/hydrolab-linux/ros_ws/src/ros2_wavemakers/install_fresh/wavemaker_controller:/home/hydrolab-linux/ros_ws/src/ros2_wavemakers/install_fresh/wavemaker_interfaces:/home/hydrolab-linux/ros_ws/src/ros2_wavemakers/install_fresh/mgate5101_driver:/home/hydrolab-linux/ros_ws/install/wavemaker_bringup:/home/hydrolab-linux/ros_ws/install/wavemaker_controller:/home/hydrolab-linux/ros_ws/install/wavemaker_interfaces:/home/hydrolab-linux/ros_ws/install/my_robot_bringup:/home/hydrolab-linux/ros_ws/install/turtlesim_project_cpp:/home/hydrolab-linux/ros_ws/install/turtlebot_bringup:/home/hydrolab-linux/ros_ws/install/rpi_bringup:/home/hydrolab-linux/ros_ws/install/ros2_pca9685:/home/hydrolab-linux/ros_ws/install/qualisys_driver:/home/hydrolab-linux/ros_ws/install/my_cpp_pkg:/home/hydrolab-linux/ros_ws/install/lifecycle_cpp:/home/hydrolab-linux/ros_ws/install/final_project:/home/hydrolab-linux/ros_ws/install/actions_cpp:/home/hydrolab-linux/ros_ws/install/my_robot_interfaces:/home/hydrolab-linux/ros_ws/install/my_robot_description:/home/hydrolab-linux/ros_ws/install/cybership_mocap:/home/hydrolab-linux/ros_ws/install/mocap4r2_msgs:/home/hydrolab-linux/ros_ws/install/mgate5101_driver:/home/hydrolab-linux/ros_ws/install/executors_cpp:/home/hydrolab-linux/ros_ws/install/dynamixel_servo_ros:/home/hydrolab-linux/ros_ws/install/cybership_viz:/home/hydrolab-linux/ros_ws/install/cybership_utilities:/home/hydrolab-linux/ros_ws/install/cybership_thrusters:/home/hydrolab-linux/ros_ws/install/cybership_tests:/home/hydrolab-linux/ros_ws/install/cybership_teleop:/home/hydrolab-linux/ros_ws/install/cybership_simulator:/home/hydrolab-linux/ros_ws/install/cybership_observer:/home/hydrolab-linux/ros_ws/install/cybership_controller:/home/hydrolab-linux/ros_ws/install/cybership_interfaces:/home/hydrolab-linux/ros_ws/install/cybership_dp:/home/hydrolab-linux/ros_ws/install/cybership_description:/home/hydrolab-linux/ros_ws/install/cybership_config:/home/hydrolab-linux/ros_ws/install/cybership_bringup:/home/hydrolab-linux/ros_ws/install/components_cpp:/opt/ros/jazzy/opt/gz_sim_vendor:/opt/ros/jazzy/opt/gz_sensors_vendor:/opt/ros/jazzy/opt/gz_physics_vendor:/opt/ros/jazzy/opt/sdformat_vendor:/opt/ros/jazzy/opt/gz_gui_vendor:/opt/ros/jazzy/opt/gz_transport_vendor:/opt/ros/jazzy/opt/gz_rendering_vendor:/opt/ros/jazzy/opt/gz_plugin_vendor:/opt/ros/jazzy/opt/gz_fuel_tools_vendor:/opt/ros/jazzy/opt/gz_msgs_vendor:/opt/ros/jazzy/opt/gz_common_vendor:/opt/ros/jazzy/opt/gz_math_vendor:/opt/ros/jazzy/opt/gz_utils_vendor:/opt/ros/jazzy/opt/gz_tools_vendor:/opt/ros/jazzy/opt/gz_ogre_next_vendor:/opt/ros/jazzy/opt/gz_dartsim_vendor:/opt/ros/jazzy/opt/gz_cmake_vendor:/home/hydrolab-linux/ros_ws/install/turtlesim_gotta_catch_em_all:/home/hydrolab-linux/ros_ws/install/rpi_tests:/home/hydrolab-linux/ros_ws/install/rpi_linmot:/home/hydrolab-linux/ros_ws/install/rpi_arduino:/home/hydrolab-linux/ros_ws/install/my_py_pkg:/home/hydrolab-linux/ros_ws/install/move_robot:/home/hydrolab-linux/ros_ws/install/actions_py:/home/hydrolab-linux/ros_ws/install/lifecycle_py:/home/hydrolab-linux/ros_ws/install/joy_teleop_bridge:/home/hydrolab-linux/ros_ws/install/executors_py:/home/hydrolab-linux/ros_ws/install/components_py:/home/hydrolab-linux/ros_ws/install/bno055:/opt/ros/jazzy DEBUGINFOD_URLS=https://debuginfod.ubuntu.com LD_LIBRARY_PATH=/home/hydrolab-linux/ros_ws/src/ros2_wavemakers/install_fresh/wavemaker_interfaces/lib:/home/hydrolab-linux/ros_ws/src/ros2_wavemakers/install_fresh/mgate5101_driver/lib:${LD_LIBRARY_PATH} PYTHONPATH=/home/hydrolab-linux/ros_ws/src/ros2_wavemakers/install_fresh/wavemaker_interfaces/lib/python3.12/site-packages:${PYTHONPATH} /usr/bin/cmake --install /home/hydrolab-linux/ros_ws/src/ros2_wavemakers/build_fresh/wavemaker_bringup
[27.576s] Level 1:colcon.colcon_core.environment:checking '/home/hydrolab-linux/ros_ws/src/ros2_wavemakers/install_fresh/wavemaker_bringup' for CMake config files
[27.577s] Level 1:colcon.colcon_core.shell:create_environment_hook('wavemaker_bringup', 'cmake_prefix_path')
[27.577s] INFO:colcon.colcon_core.shell:Creating environment hook '/home/hydrolab-linux/ros_ws/src/ros2_wavemakers/install_fresh/wavemaker_bringup/share/wavemaker_bringup/hook/cmake_prefix_path.ps1'
[27.577s] INFO:colcon.colcon_core.shell:Creating environment descriptor '/home/hydrolab-linux/ros_ws/src/ros2_wavemakers/install_fresh/wavemaker_bringup/share/wavemaker_bringup/hook/cmake_prefix_path.dsv'
[27.577s] INFO:colcon.colcon_core.shell:Creating environment hook '/home/hydrolab-linux/ros_ws/src/ros2_wavemakers/install_fresh/wavemaker_bringup/share/wavemaker_bringup/hook/cmake_prefix_path.sh'
[27.577s] Level 1:colcon.colcon_core.environment:checking '/home/hydrolab-linux/ros_ws/src/ros2_wavemakers/install_fresh/wavemaker_bringup/bin'
[27.578s] Level 1:colcon.colcon_core.environment:checking '/home/hydrolab-linux/ros_ws/src/ros2_wavemakers/install_fresh/wavemaker_bringup/lib/pkgconfig/wavemaker_bringup.pc'
[27.578s] Level 1:colcon.colcon_core.environment:checking '/home/hydrolab-linux/ros_ws/src/ros2_wavemakers/install_fresh/wavemaker_bringup/lib/python3.12/site-packages'
[27.578s] Level 1:colcon.colcon_core.environment:checking '/home/hydrolab-linux/ros_ws/src/ros2_wavemakers/install_fresh/wavemaker_bringup/bin'
[27.578s] INFO:colcon.colcon_core.shell:Creating package script '/home/hydrolab-linux/ros_ws/src/ros2_wavemakers/install_fresh/wavemaker_bringup/share/wavemaker_bringup/package.ps1'
[27.578s] INFO:colcon.colcon_core.shell:Creating package descriptor '/home/hydrolab-linux/ros_ws/src/ros2_wavemakers/install_fresh/wavemaker_bringup/share/wavemaker_bringup/package.dsv'
[27.578s] INFO:colcon.colcon_core.shell:Creating package script '/home/hydrolab-linux/ros_ws/src/ros2_wavemakers/install_fresh/wavemaker_bringup/share/wavemaker_bringup/package.sh'
[27.579s] INFO:colcon.colcon_core.shell:Creating package script '/home/hydrolab-linux/ros_ws/src/ros2_wavemakers/install_fresh/wavemaker_bringup/share/wavemaker_bringup/package.bash'
[27.579s] INFO:colcon.colcon_core.shell:Creating package script '/home/hydrolab-linux/ros_ws/src/ros2_wavemakers/install_fresh/wavemaker_bringup/share/wavemaker_bringup/package.zsh'
[27.579s] Level 1:colcon.colcon_core.environment:create_file_with_runtime_dependencies(/home/hydrolab-linux/ros_ws/src/ros2_wavemakers/install_fresh/wavemaker_bringup/share/colcon-core/packages/wavemaker_bringup)
[27.579s] Level 1:colcon.colcon_core.environment:create_environment_scripts_only(wavemaker_bringup)
[27.579s] Level 1:colcon.colcon_core.environment:checking '/home/hydrolab-linux/ros_ws/src/ros2_wavemakers/install_fresh/wavemaker_bringup' for CMake module files
[27.580s] Level 1:colcon.colcon_core.environment:checking '/home/hydrolab-linux/ros_ws/src/ros2_wavemakers/install_fresh/wavemaker_bringup' for CMake config files
[27.580s] Level 1:colcon.colcon_core.shell:create_environment_hook('wavemaker_bringup', 'cmake_prefix_path')
[27.580s] INFO:colcon.colcon_core.shell:Creating environment hook '/home/hydrolab-linux/ros_ws/src/ros2_wavemakers/install_fresh/wavemaker_bringup/share/wavemaker_bringup/hook/cmake_prefix_path.ps1'
[27.580s] INFO:colcon.colcon_core.shell:Creating environment descriptor '/home/hydrolab-linux/ros_ws/src/ros2_wavemakers/install_fresh/wavemaker_bringup/share/wavemaker_bringup/hook/cmake_prefix_path.dsv'
[27.580s] INFO:colcon.colcon_core.shell:Creating environment hook '/home/hydrolab-linux/ros_ws/src/ros2_wavemakers/install_fresh/wavemaker_bringup/share/wavemaker_bringup/hook/cmake_prefix_path.sh'
[27.580s] Level 1:colcon.colcon_core.environment:checking '/home/hydrolab-linux/ros_ws/src/ros2_wavemakers/install_fresh/wavemaker_bringup/bin'
[27.580s] Level 1:colcon.colcon_core.environment:checking '/home/hydrolab-linux/ros_ws/src/ros2_wavemakers/install_fresh/wavemaker_bringup/lib/pkgconfig/wavemaker_bringup.pc'
[27.581s] Level 1:colcon.colcon_core.environment:checking '/home/hydrolab-linux/ros_ws/src/ros2_wavemakers/install_fresh/wavemaker_bringup/lib/python3.12/site-packages'
[27.581s] Level 1:colcon.colcon_core.environment:checking '/home/hydrolab-linux/ros_ws/src/ros2_wavemakers/install_fresh/wavemaker_bringup/bin'
[27.581s] INFO:colcon.colcon_core.shell:Creating package script '/home/hydrolab-linux/ros_ws/src/ros2_wavemakers/install_fresh/wavemaker_bringup/share/wavemaker_bringup/package.ps1'
[27.581s] INFO:colcon.colcon_core.shell:Creating package descriptor '/home/hydrolab-linux/ros_ws/src/ros2_wavemakers/install_fresh/wavemaker_bringup/share/wavemaker_bringup/package.dsv'
[27.581s] INFO:colcon.colcon_core.shell:Creating package script '/home/hydrolab-linux/ros_ws/src/ros2_wavemakers/install_fresh/wavemaker_bringup/share/wavemaker_bringup/package.sh'
[27.582s] INFO:colcon.colcon_core.shell:Creating package script '/home/hydrolab-linux/ros_ws/src/ros2_wavemakers/install_fresh/wavemaker_bringup/share/wavemaker_bringup/package.bash'
[27.582s] INFO:colcon.colcon_core.shell:Creating package script '/home/hydrolab-linux/ros_ws/src/ros2_wavemakers/install_fresh/wavemaker_bringup/share/wavemaker_bringup/package.zsh'
[27.582s] Level 1:colcon.colcon_core.environment:create_file_with_runtime_dependencies(/home/hydrolab-linux/ros_ws/src/ros2_wavemakers/install_fresh/wavemaker_bringup/share/colcon-core/packages/wavemaker_bringup)
[27.582s] DEBUG:colcon.colcon_parallel_executor.executor.parallel:closing loop
[27.582s] DEBUG:colcon.colcon_parallel_executor.executor.parallel:loop closed
[27.582s] DEBUG:colcon.colcon_parallel_executor.executor.parallel:run_until_complete finished with '0'
[27.582s] DEBUG:colcon.colcon_core.event_reactor:joining thread
[27.586s] INFO:colcon.colcon_core.plugin_system:Skipping extension 'colcon_notification.desktop_notification.terminal_notifier': Not used on non-Darwin systems
[27.586s] INFO:colcon.colcon_core.plugin_system:Skipping extension 'colcon_notification.desktop_notification.win32': Not used on non-Windows systems
[27.586s] INFO:colcon.colcon_notification.desktop_notification:Sending desktop notification using 'notify2'
[27.599s] DEBUG:colcon.colcon_core.event_reactor:joined thread
[27.599s] INFO:colcon.colcon_core.shell:Creating prefix script '/home/hydrolab-linux/ros_ws/src/ros2_wavemakers/install_fresh/local_setup.ps1'
[27.600s] INFO:colcon.colcon_core.shell:Creating prefix util module '/home/hydrolab-linux/ros_ws/src/ros2_wavemakers/install_fresh/_local_setup_util_ps1.py'
[27.601s] INFO:colcon.colcon_core.shell:Creating prefix chain script '/home/hydrolab-linux/ros_ws/src/ros2_wavemakers/install_fresh/setup.ps1'
[27.603s] INFO:colcon.colcon_core.shell:Creating prefix script '/home/hydrolab-linux/ros_ws/src/ros2_wavemakers/install_fresh/local_setup.sh'
[27.603s] INFO:colcon.colcon_core.shell:Creating prefix util module '/home/hydrolab-linux/ros_ws/src/ros2_wavemakers/install_fresh/_local_setup_util_sh.py'
[27.603s] INFO:colcon.colcon_core.shell:Creating prefix chain script '/home/hydrolab-linux/ros_ws/src/ros2_wavemakers/install_fresh/setup.sh'
[27.605s] INFO:colcon.colcon_core.shell:Creating prefix script '/home/hydrolab-linux/ros_ws/src/ros2_wavemakers/install_fresh/local_setup.bash'
[27.605s] INFO:colcon.colcon_core.shell:Creating prefix chain script '/home/hydrolab-linux/ros_ws/src/ros2_wavemakers/install_fresh/setup.bash'
[27.606s] INFO:colcon.colcon_core.shell:Creating prefix script '/home/hydrolab-linux/ros_ws/src/ros2_wavemakers/install_fresh/local_setup.zsh'
[27.607s] INFO:colcon.colcon_core.shell:Creating prefix chain script '/home/hydrolab-linux/ros_ws/src/ros2_wavemakers/install_fresh/setup.zsh'
